Workbook

Sheet Jan.
A1: Jan 2016 | K1: =IF(A1="","",A1) -> Jan 2016 | W1: =IF(A1="","",A1) -> Jan 2016 | AG1: =IF(A1="","",A1) -> Jan 2016 | AQ1: =IF(A1="","",A1) -> Jan 2016 | BA1: =IF(A1="","",A1) -> Jan 2016 | BO1: =IF(A1="","",A1) -> Jan 2016 | CA1: =IF(A1="","",A1) -> Jan 2016 | CJ1: =IF(A1="","",A1) -> Jan 2016 | CS1: =IF(A1="","",A1) -> Jan 2016 | DC1: =IF(A1="","",A1) -> Jan 2016 | DL1: =IF(A1="","",A1) -> Jan 2016 | DZ1: =IF(A1="","",A1) -> Jan 2016 | EB1: Compliance values such as maximum turbidity and minimum chlorine are transcribed directly from the Excel Daily Report print-outs | EI1: =IF(A1="","",A1) -> Jan 2016
A3: Drinking Water System | F3: Flows (1) | K3: =IF(A3="","",A3) -> Drinking Water System | O3: Flows (2) & Backwash Counters | W3: =IF(A3="","",A3) -> Drinking Water System | AB3: Low Lift & GAC Transfer Pumps | AG3: =IF(A3="","",A3) -> Drinking Water System | AL3: High Lift Pumps | AQ3: =IF(A3="","",A3) -> Drinking Water System | AV3: Other Pumps | BA3: =IF(A3="","",A3) -> Drinking Water System | BF3: Raw & Process Water Quality | BO3: =IF(A3="","",A3) -> Drinking Water System | BT3: Treated & Distribution Water Quality | CA3: =IF(A3="","",A3) -> Drinking Water System | CE3: Sodium Hypochlorite | CJ3: =IF(A3="","",A3) -> Drinking Water System | CN3: Watercare (PACl) | CS3: =IF(A3="","",A3) -> Drinking Water System | CW3: Polymer | DC3: =IF(A3="","",A3) -> Drinking Water System | DG3: Lime | DL3: =IF(A3="","",A3) -> Drinking Water System | DQ3: Analyzers | DZ3: =IF(A3="","",A3) -> Drinking Water System | EF3: Compliance | EI3: =IF(A3="","",A3) -> Drinking Water System | EM3: Comments
A4: Date | B4: Raw Water | E4: Treated Water | H4: GAC Transfer | J4: Operator Initials | K4: Date | L4: Backwash | N4: Wastewater | P4: Fire Pump | R4: Backwash Counters | V4: Operator Initials | W4: Date | X4: Low Lift Pumps | AB4: GAC Transfer Pumps | AF4: Operator Initials | AG4: Date | AH4: High Lift Pumps | AP4: Operator Initials | AQ4: Date | AR4: Wastewater Transfer Pumps | AV4: Backwash Pumps | AZ4: Operator Initials | BA4: Date | BB4: Raw Water | BG4: Coag. Water pH | BH4: Clarifiers | BJ4: SAF Filters | BL4: GAC Contactors | BN4: Operator Initials | BO4: Date | BP4: Treated (Point-of-Entry) Water | BW4: Distribution Water | BZ4: Operator Initials | CA4: Date | CB4: Tank Level (cm) | CC4: Filled Tank Level (cm) | CD4: Amount Used (cm) | CE4: Litres Used (L) | CF4: Actual Dosage (mg/L) | CG4: Chemical Feeder Speed Set Point (Freq.) | CH4: Chemical Feeder Stroke Set Point (%) | CI4: Operator Initials | CJ4: Date | CK4: Tank Level (cm) | CL4: Filled Tank Level (cm) | CM4: Amount Used (cm) | CN4: Litres Used (L) | CO4: Actual Dosage (mg/L) | CP4: Chemical Feeder Speed Set Point (Freq.) | CQ4: Chemical Feeder Stroke Set Point (%) | CR4: Operator Initials | CS4: Date | CT4: Tank Level (cm) | CU4: Filled Tank Level (or New Tank Level, if WW Polymer Filled) (cm) | CV4: Amount Used (cm) | CW4: Grams Used (g) | CX4: Actual Dosage (mg/L) | CY4: Chemical Feeder Speed Set Point (Freq.) | CZ4: Chemical Feeder Stroke Set Point (%) | DA4: Filled Wastewater Polymer Tank (Indicate Yes) | DB4: Operator Initials | DC4: Date | DD4: Tank Level (cm) | DE4: Filled Tank Level (cm) | DF4: Amount Used (cm) | DG4: Kilograms Used (kg) | DH4: Actual Dosage (mg/L) | DI4: Chemical Feeder Speed Set Point (Freq.) | DJ4: Chemical Feeder Stroke Set Point (%) | DK4: Operator Initials | DL4: Date | DM4: Raw | DN4: Filter Effluent | DP4: Treated (Point-of-Entry) | DV4: Process Wastewater | DY4: Operator Initials | DZ4: Date | EA4: Performance Data | ED4: Chlorine Residual | EF4: SAF #1 | EG4: SAF #2 | EH4: Operator Initials | EI4: Date | EJ4: Comments/Observations | EQ4: Operator Initials
B5: Meter Reading (m3) | C5: Total Flow (m3) | D5: Litres per Second (L/s) | E5: Meter Reading (m3) | F5: Total Flow (m3) | G5: Litres per Second (L/s) | H5: Meter Reading (m3) | I5: Total Flow (m3) | L5: Meter Reading (m3) | M5: Total Flow (m3) | N5: Meter Reading (m3) | O5: Total Flow (m3) | P5: Meter Reading (m3) | Q5: Total Flow (m3) | R5: SAF #1 | S5: SAF #2 | T5: GAC #1 | U5: GAC #2 | X5: LLP-1 | Z5: LLP-2 | AB5: GTP-1 | AD5: GTP-2 | AH5: HLP-1A | AJ5: HLP-1B | AL5: HLP-2 | AN5: HLP-3 | AR5: WWP-1 | AT5: WWP-2 | AV5: BWP-1 | AX5: BWP-2 | BB5: Turbidity (NTU) | BC5: Colour (PtCo) | BD5: pH | BE5: Temp. (oC) | BF5: Alkalinity (mg/L as CaCO3) | BH5: Clarifier #1 Turbidity (NTU) | BI5: Clarifier #2 Turbidity (NTU) | BJ5: SAF #1 Turbidity (NTU) | BK5: SAF #2 Turbidity (NTU) | BL5: GAC #1 Turbidity (NTU) | BM5: GAC #2 Turbidity (NTU) | BP5: Turbidity (NTU) | BQ5: Colour (PtCo) | BR5: pH | BS5: Temp. (oC) | BT5: Alkalinity (mg/L as CaCO3) | BU5: Aluminum Residual (mg/L) | BV5: Chlorine Residual (1o, mg/L) | BW5: Chlorine Residual (2o, mg/L) | BX5: Time of Chlorine Residual Sample | BY5: Sample Location | DM5: pH | DN5: SAF #1 Turbidity (NTU) | DO5: SAF #2 Turbidity (NTU) | DP5: Turbidity (NTU) | DQ5: pH | DR5: Temp. (oC) | DS5: Free Chlorine Residual (1o, mg/L) | DT5: Dist. Pressure (PSI) | DU5: Reservoir Level (m) | DV5: WW Surge Tank Level (m) | DW5: Suspended Solids (mg/L) | DX5: Decant in Progress (Y/N)? | EA5: Daily Raw Flow vs. PTTW Limit (%) | EB5: Daily Treated Flow vs. MDWL Limit (%) | EC5: Efficiency (Throughout) (%) | ED5: Treated (POE) | EF5: Maximum Turbidity (NTU) | EG5: Maximum Turbidity (NTU)
X6: Hour Meter Reading | Y6: Hours Run | Z6: Hour Meter Reading | AA6: Hours Run | AB6: Hour Meter Reading | AC6: Hours Run | AD6: Hour Meter Reading | AE6: Hours Run | AH6: Hour Meter Reading | AI6: Hours Run | AJ6: Hour Meter Reading | AK6: Hours Run | AL6: Hour Meter Reading | AM6: Hours Run | AN6: Hour Meter Reading | AO6: Hours Run | AR6: Hour Meter Reading | AS6: Hours Run | AT6: Hour Meter Reading | AU6: Hours Run | AV6: Hour Meter Reading | AW6: Hours Run | AX6: Hour Meter Reading | AY6: Hours Run | ED6: Minimum (mg/L) | EE6: Maximum (mg/L)
A8: 11 | B8: 859798 | C8: =IF(B9="","",IF(B9=B8,"",(B9-B8))) -> 185 | D8: 9.5 | E8: 764208 | F8: =IF(E9="","",IF(E9=E8,"",(E9-E8))) -> 147 | G8: 0.41 | H8: 728126 | I8: =IF(H9="","",IF(H9=H8,"",(H9-H8))) -> 128 | J8: SA/ME | K8: 1 | L8: 67390 | M8: =IF(L9="","",IF(L9=L8,"",(L9-L8))) -> 40 | N8: 169848 | O8: =IF(N9="","",IF(N9=N8,"",(N9-N8))) -> 51 | P8: 194713 | Q8: =IF(P9="","",IF(P9=P8,"",(P9-P8))) | R8: 651 | S8: 660 | T8: 136 | U8: 133 | V8: =IF(J8="","",J8) -> SA/ME | W8: 1 | X8: 11305.65 | Y8: =IF(X9="","",IF(X9=X8,"",X9-X8)) -> 3.43 | Z8: 12074.26 | AA8: =IF(Z9="","",IF(Z9=Z8,"",Z9-Z8)) -> 1.89 | AB8: 9557.72 | AC8: =IF(AB9="","",IF(AB9=AB8,"",AB9-AB8)) -> 2.04 | AD8: 9655.17 | AE8: =IF(AD9="","",IF(AD9=AD8,"",AD9-AD8)) -> 1.49 | AF8: =IF(J8="","",J8) -> SA/ME | AG8: 1 | AH8: 45038.49 | AI8: =IF(AH9="","",IF(AH9=AH8,"",AH9-AH8)) -> 15.83 | AJ8: 47177.24 | AK8: =IF(AJ9="","",IF(AJ9=AJ8,"",AJ9-AJ8)) -> 8.83 | AL8: 585.23 | AM8: =IF(AL9="","",IF(AL9=AL8,"",AL9-AL8)) | AN8: 546.24 | AO8: =IF(AN9="","",IF(AN9=AN8,"",AN9-AN8)) | AP8: =IF(J8="","",J8) -> SA/ME | AQ8: 1 | AR8: 6506.38 | AS8: =IF(AR9="","",IF(AR9=AR8,"",AR9-AR8)) | AT8: 7123.46 | AU8: =IF(AT9="","",IF(AT9=AT8,"",AT9-AT8)) -> 4.06 | AV8: 246.89 | AW8: =IF(AV9="","",IF(AV9=AV8,"",AV9-AV8)) -> 0.34 | AX8: 235.02 | AY8: =IF(AX9="","",IF(AX9=AX8,"",AX9-AX8)) | AZ8: =IF(J8="","",J8) -> SA/ME | BA8: 1 | BN8: =IF(J8="","",J8) -> SA/ME | BO8: 1 | BP8: 0.079 | BQ8: 0 | BR8: 7.3 | BS8: 7.5 | BT8: 16.7 | BU8: 0.027 | BV8: 1.08 | BW8: 0.98 | BX8: 1445 | BY8: 32 Willow St | BZ8: =IF(J8="","",J8) -> SA/ME | CA8: 1 | CB8: 84.2 | CD8: =IF(CB9="","",IF(CC8="",IF(CB8=CB9,"",(CB8-CB9)),IF(CC8=CB9,"",(CC8-CB9)))) -> 1.5 | CE8: =IF(CD8="","",(CD8*(0.785*77*77)/1000)) -> 6.9813975 | CF8: =IF(CE8="","",(CE8*0.12*1000)/I8) -> 6.5450602 | CG8: 125 | CH8: 100 | CI8: =IF(J8="","",J8) -> SA/ME | CJ8: 1 | CK8: 88.3 | CM8: =IF(CK9="","",IF(CL8="",IF(CK8=CK9,"",(CK8-CK9)),IF(CL8=CK9,"",(CL8-CK9)))) -> 2.1 | CN8: =IF(CM8="","",(CM8*(0.785*77*77)/1000)) -> 9.7739565 | CO8: =IF(CN8="","",(CN8*0.33*1.205*1000)/C8) -> 21.008723 | CP8: 54 | CQ8: 83 | CR8: =IF(J8="","",J8) -> SA/ME | CS8: 1 | CT8: 96.6 | CV8: =IF(CT9="","",IF(CU8="",IF(CT8=CT9,"",(CT8-CT9)),IF(CU8=CT9,"",(CU8-CT9)))) -> 1.6 | CW8: =IF(CV8="","",(CV8*(0.785*92*92)/1000)) -> 10.630784 | CX8: =IF(CW8="","",(CW8)/C8) -> 0.057463697 | CY8: 16/16 | CZ8: 100/100 | DB8: =IF(J8="","",J8) -> SA/ME | DC8: 1 | DD8: 88.2 | DE8: 105.7 | DF8: =IF(DD9="","",IF(DE8="",IF(DD8=DD9,"",(DD8-DD9)),IF(DE8=DD9,"",(DE8-DD9)))) -> 16.9 | DG8: =IF(DF8="","",(DF8*(0.785*92*92)*0.00812/1000)) -> 0.91177577 | DH8: =IF(DG8="","",(DG8*1000)/C8) -> 4.9285177 | DI8: 90 | DJ8: 54 | DK8: =IF(J8="","",J8) -> SA/ME | DL8: 1 | DM8: 8.5 | DN8: 0.021 | DO8: 0.025 | DP8: 0.052 | DQ8: 6.83 | DR8: 7.5 | DS8: 1.068 | DT8: 85 | DU8: 4.25 | DV8: 1.101 | DW8: 0.46 | DX8: Y | DY8: =IF(J8="","",J8) -> SA/ME | DZ8: 1 | EA8: =IF(C8="","",C8/1496) -> 0.1236631 | EB8: =IF(F8="","",IF(Q8="",F8/1360,(F8+Q8)/1360)) -> 0.10808824 | EC8: =IF(I8="","",IF(C8="","",I8/C8)) -> 0.69189189 | ED8: 0.03 | EE8: 0.09 | EF8: 1.06 | EG8: 1.1 | EH8: =IF(J8="","",J8) -> SA/ME | EI8: 1 | EQ8: =IF(J8="","",J8) -> SA/ME
A9: 2 | B9: 859983 | C9: =IF(B10="","",IF(B10=B9,"",(B10-B9))) -> 143 | D9: 8.96 | E9: 764355 | F9: =IF(E10="","",IF(E10=E9,"",(E10-E9))) -> 145 | G9: 1.24 | H9: 728254 | I9: =IF(H10="","",IF(H10=H9,"",(H10-H9))) -> 123 | J9: SA/ME | K9: 2 | L9: 67430 | M9: =IF(L10="","",IF(L10=L9,"",(L10-L9))) | N9: 169899 | O9: =IF(N10="","",IF(N10=N9,"",(N10-N9))) -> 47 | P9: 194713 | Q9: =IF(P10="","",IF(P10=P9,"",(P10-P9))) | R9: 652 | S9: 660 | T9: 136 | U9: 133 | V9: =IF(J9="","",J9) -> SA/ME | W9: 2 | X9: 11309.08 | Y9: =IF(X10="","",IF(X10=X9,"",X10-X9)) -> 2.21 | Z9: 12076.15 | AA9: =IF(Z10="","",IF(Z10=Z9,"",Z10-Z9)) -> 2.01 | AB9: 9559.76 | AC9: =IF(AB10="","",IF(AB10=AB9,"",AB10-AB9)) -> 1.76 | AD9: 9656.66 | AE9: =IF(AD10="","",IF(AD10=AD9,"",AD10-AD9)) -> 1.5 | AF9: =IF(J9="","",J9) -> SA/ME | AG9: 2 | AH9: 45054.32 | AI9: =IF(AH10="","",IF(AH10=AH9,"",AH10-AH9)) -> 8.17 | AJ9: 47186.07 | AK9: =IF(AJ10="","",IF(AJ10=AJ9,"",AJ10-AJ9)) -> 15.4 | AL9: 585.23 | AM9: =IF(AL10="","",IF(AL10=AL9,"",AL10-AL9)) | AN9: 546.24 | AO9: =IF(AN10="","",IF(AN10=AN9,"",AN10-AN9)) | AP9: =IF(J9="","",J9) -> SA/ME | AQ9: 2 | AR9: 6506.38 | AS9: =IF(AR10="","",IF(AR10=AR9,"",AR10-AR9)) | AT9: 7127.52 | AU9: =IF(AT10="","",IF(AT10=AT9,"",AT10-AT9)) -> 4.29 | AV9: 247.23 | AW9: =IF(AV10="","",IF(AV10=AV9,"",AV10-AV9)) | AX9: 235.02 | AY9: =IF(AX10="","",IF(AX10=AX9,"",AX10-AX9)) | AZ9: =IF(J9="","",J9) -> SA/ME | BA9: 2 | BB9: 0.788 | BC9: 41 | BD9: 7.4 | BE9: 2.6 | BF9: 16 | BG9: 7.4 | BH9: 0.381 | BI9: 0.384 | BJ9: 0.061 | BK9: 0.054 | BL9: 0.067 | BM9: 0.067 | BN9: =IF(J9="","",J9) -> SA/ME | BO9: 2 | BP9: 0.08 | BQ9: 0 | BR9: 7.3 | BS9: 7.4 | BT9: 14.7 | BU9: 0.008 | BV9: 1.16 | BW9: 0.99 | BX9: 1530 | BY9: 32 Willow St | BZ9: =IF(J9="","",J9) -> SA/ME | CA9: 2 | CB9: 82.7 | CD9: =IF(CB10="","",IF(CC9="",IF(CB9=CB10,"",(CB9-CB10)),IF(CC9=CB10,"",(CC9-CB10)))) -> 1.1 | CE9: =IF(CD9="","",(CD9*(0.785*77*77)/1000)) -> 5.1196915 | CF9: =IF(CE9="","",(CE9*0.12*1000)/I9) -> 4.994821 | CG9: 125 | CH9: 100 | CI9: =IF(J9="","",J9) -> SA/ME | CJ9: 2 | CK9: 86.2 | CM9: =IF(CK10="","",IF(CL9="",IF(CK9=CK10,"",(CK9-CK10)),IF(CL9=CK10,"",(CL9-CK10)))) -> 1.6 | CN9: =IF(CM9="","",(CM9*(0.785*77*77)/1000)) -> 7.446824 | CO9: =IF(CN9="","",(CN9*0.33*1.205*1000)/C9) -> 20.707899 | CP9: 54 | CQ9: 83 | CR9: =IF(J9="","",J9) -> SA/ME | CS9: 2 | CT9: 95 | CV9: =IF(CT10="","",IF(CU9="",IF(CT9=CT10,"",(CT9-CT10)),IF(CU9=CT10,"",(CU9-CT10)))) -> 3.5 | CW9: =IF(CV9="","",(CV9*(0.785*92*92)/1000)) -> 23.25484 | CX9: =IF(CW9="","",(CW9)/C9) -> 0.16262126 | CY9: 16/16 | CZ9: 100/100 | DB9: =IF(J9="","",J9) -> SA/ME | DC9: 2 | DD9: 88.8 | DE9: 103.2 | DF9: =IF(DD10="","",IF(DE9="",IF(DD9=DD10,"",(DD9-DD10)),IF(DE9=DD10,"",(DE9-DD10)))) -> 9.3 | DG9: =IF(DF9="","",(DF9*(0.785*92*92)*0.00812/1000)) -> 0.50174643 | DH9: =IF(DG9="","",(DG9*1000)/C9) -> 3.5087163 | DI9: 90 | DJ9: 54 | DK9: =IF(J9="","",J9) -> SA/ME | DL9: 2 | DM9: 8.53 | DN9: 0.009 | DO9: 0.021 | DP9: 0.052 | DQ9: 6.84 | DR9: 7.4 | DS9: 1.126 | DT9: 86.6 | DU9: 4.28 | DV9: 1.746 | DW9: 0.891 | DX9: Y | DY9: =IF(J9="","",J9) -> SA/ME | DZ9: 2 | EA9: =IF(C9="","",C9/1496) -> 0.095588235 | EB9: =IF(F9="","",IF(Q9="",F9/1360,(F9+Q9)/1360)) -> 0.10661765 | EC9: =IF(I9="","",IF(C9="","",I9/C9)) -> 0.86013986 | ED9: 0.03 | EE9: 0.04 | EF9: 1.05 | EG9: 1.16 | EH9: =IF(J9="","",J9) -> SA/ME | EI9: 2 | EQ9: =IF(J9="","",J9) -> SA/ME
A10: 3 | B10: 860126 | C10: =IF(B11="","",IF(B11=B10,"",(B11-B10))) -> 106 | D10: 8.95 | E10: 764500 | F10: =IF(E11="","",IF(E11=E10,"",(E11-E10))) -> 133 | G10: 0.79 | H10: 728377 | I10: =IF(H11="","",IF(H11=H10,"",(H11-H10))) -> 81 | J10: SA/ME | K10: 3 | L10: 67430 | M10: =IF(L11="","",IF(L11=L10,"",(L11-L10))) | N10: 169946 | O10: =IF(N11="","",IF(N11=N10,"",(N11-N10))) -> 35 | P10: 194713 | Q10: =IF(P11="","",IF(P11=P10,"",(P11-P10))) | R10: 652 | S10: 660 | T10: 136 | U10: 133 | V10: =IF(J10="","",J10) -> SA/ME | W10: 3 | X10: 11311.29 | Y10: =IF(X11="","",IF(X11=X10,"",X11-X10)) -> 1.4 | Z10: 12078.16 | AA10: =IF(Z11="","",IF(Z11=Z10,"",Z11-Z10)) -> 1.92 | AB10: 9561.52 | AC10: =IF(AB11="","",IF(AB11=AB10,"",AB11-AB10)) -> 0.6 | AD10: 9658.16 | AE10: =IF(AD11="","",IF(AD11=AD10,"",AD11-AD10)) -> 1.48 | AF10: =IF(J10="","",J10) -> SA/ME | AG10: 3 | AH10: 45062.49 | AI10: =IF(AH11="","",IF(AH11=AH10,"",AH11-AH10)) -> 15.69 | AJ10: 47201.47 | AK10: =IF(AJ11="","",IF(AJ11=AJ10,"",AJ11-AJ10)) -> 8.6 | AL10: 585.23 | AM10: =IF(AL11="","",IF(AL11=AL10,"",AL11-AL10)) | AN10: 546.24 | AO10: =IF(AN11="","",IF(AN11=AN10,"",AN11-AN10)) | AP10: =IF(J10="","",J10) -> SA/ME | AQ10: 3 | AR10: 6506.38 | AS10: =IF(AR11="","",IF(AR11=AR10,"",AR11-AR10)) | AT10: 7131.81 | AU10: =IF(AT11="","",IF(AT11=AT10,"",AT11-AT10)) -> 4.05 | AV10: 247.23 | AW10: =IF(AV11="","",IF(AV11=AV10,"",AV11-AV10)) | AX10: 235.02 | AY10: =IF(AX11="","",IF(AX11=AX10,"",AX11-AX10)) | AZ10: =IF(J10="","",J10) -> SA/ME | BA10: 3 | BB10: 0.757 | BC10: 13 | BD10: 7.3 | BE10: 2.6 | BF10: 16.8 | BG10: 7.3 | BH10: 0.414 | BI10: 0.411 | BJ10: 0.048 | BK10: 0.048 | BL10: 0.054 | BM10: 0.063 | BN10: =IF(J10="","",J10) -> SA/ME | BO10: 3 | BP10: 0.076 | BQ10: 0 | BR10: 7.3 | BS10: 7.3 | BT10: 16.9 | BU10: 0.009 | BV10: 1.23 | BW10: 1.01 | BX10: 1510 | BY10: 32 Willow St | BZ10: =IF(J10="","",J10) -> SA/ME | CA10: 3 | CB10: 81.6 | CD10: =IF(CB11="","",IF(CC10="",IF(CB10=CB11,"",(CB10-CB11)),IF(CC10=CB11,"",(CC10-CB11)))) -> 1.1 | CE10: =IF(CD10="","",(CD10*(0.785*77*77)/1000)) -> 5.1196915 | CF10: =IF(CE10="","",(CE10*0.12*1000)/I10) -> 7.5847281 | CG10: 125 | CH10: 100 | CI10: =IF(J10="","",J10) -> SA/ME | CJ10: 3 | CK10: 84.6 | CM10: =IF(CK11="","",IF(CL10="",IF(CK10=CK11,"",(CK10-CK11)),IF(CL10=CK11,"",(CL10-CK11)))) -> 1.5 | CN10: =IF(CM10="","",(CM10*(0.785*77*77)/1000)) -> 6.9813975 | CO10: =IF(CN10="","",(CN10*0.33*1.205*1000)/C10) -> 26.19012 | CP10: 54 | CQ10: 83 | CR10: =IF(J10="","",J10) -> SA/ME | CS10: 3 | CT10: 91.5 | CV10: =IF(CT11="","",IF(CU10="",IF(CT10=CT11,"",(CT10-CT11)),IF(CU10=CT11,"",(CU10-CT11)))) -> 1.2 | CW10: =IF(CV10="","",(CV10*(0.785*92*92)/1000)) -> 7.973088 | CX10: =IF(CW10="","",(CW10)/C10) -> 0.075217811 | CY10: 16/16 | CZ10: 100/100 | DA10: Y | DB10: =IF(J10="","",J10) -> SA/ME | DC10: 3 | DD10: 93.9 | DE10: 106.1 | DF10: =IF(DD11="","",IF(DE10="",IF(DD10=DD11,"",(DD10-DD11)),IF(DE10=DD11,"",(DE10-DD11)))) -> 7.2 | DG10: =IF(DF10="","",(DF10*(0.785*92*92)*0.00812/1000)) -> 0.38844885 | DH10: =IF(DG10="","",(DG10*1000)/C10) -> 3.6646118 | DI10: 90 | DJ10: 54 | DK10: =IF(J10="","",J10) -> SA/ME | DL10: 3 | DM10: 7.9 | DN10: 0.01 | DO10: 0.026 | DP10: 0.051 | DQ10: 6.83 | DR10: 7.3 | DS10: 1.18 | DT10: 86 | DU10: 4.28 | DV10: 1.089 | DW10: 1.11 | DX10: Y | DY10: =IF(J10="","",J10) -> SA/ME | DZ10: 3 | EA10: =IF(C10="","",C10/1496) -> 0.070855615 | EB10: =IF(F10="","",IF(Q10="",F10/1360,(F10+Q10)/1360)) -> 0.097794118 | EC10: =IF(I10="","",IF(C10="","",I10/C10)) -> 0.76415094 | ED10: 1.11 | EE10: 1.19 | EF10: 0.03 | EG10: 0.05 | EH10: =IF(J10="","",J10) -> SA/ME | EI10: 3 | EQ10: =IF(J10="","",J10) -> SA/ME
A11: 4 | B11: 860232 | C11: =IF(B12="","",IF(B12=B11,"",(B12-B11))) -> 139 | D11: 9.13 | E11: 764633 | F11: =IF(E12="","",IF(E12=E11,"",(E12-E11))) -> 166 | G11: 1.08 | H11: 728458 | I11: =IF(H12="","",IF(H12=H11,"",(H12-H11))) -> 117 | J11: ME | K11: 4 | L11: 67430 | M11: =IF(L12="","",IF(L12=L11,"",(L12-L11))) | N11: 169981 | O11: =IF(N12="","",IF(N12=N11,"",(N12-N11))) -> 29 | P11: 194713 | Q11: =IF(P12="","",IF(P12=P11,"",(P12-P11))) | R11: 652 | S11: 660 | T11: 136 | U11: 133 | V11: =IF(J11="","",J11) -> ME | W11: 4 | X11: 11312.69 | Y11: =IF(X12="","",IF(X12=X11,"",X12-X11)) -> 2.01 | Z11: 12080.08 | AA11: =IF(Z12="","",IF(Z12=Z11,"",Z12-Z11)) -> 2.04 | AB11: 9562.12 | AC11: =IF(AB12="","",IF(AB12=AB11,"",AB12-AB11)) -> 1.54 | AD11: 9659.64 | AE11: =IF(AD12="","",IF(AD12=AD11,"",AD12-AD11)) -> 1.58 | AF11: =IF(J11="","",J11) -> ME | AG11: 4 | AH11: 45078.18 | AI11: =IF(AH12="","",IF(AH12=AH11,"",AH12-AH11)) -> 8.32 | AJ11: 47210.07 | AK11: =IF(AJ12="","",IF(AJ12=AJ11,"",AJ12-AJ11)) -> 13.73 | AL11: 585.23 | AM11: =IF(AL12="","",IF(AL12=AL11,"",AL12-AL11)) | AN11: 546.24 | AO11: =IF(AN12="","",IF(AN12=AN11,"",AN12-AN11)) | AP11: =IF(J11="","",J11) -> ME | AQ11: 4 | AR11: 6506.38 | AS11: =IF(AR12="","",IF(AR12=AR11,"",AR12-AR11)) -> 0.22 | AT11: 7135.86 | AU11: =IF(AT12="","",IF(AT12=AT11,"",AT12-AT11)) -> 2.92 | AV11: 247.23 | AW11: =IF(AV12="","",IF(AV12=AV11,"",AV12-AV11)) | AX11: 235.02 | AY11: =IF(AX12="","",IF(AX12=AX11,"",AX12-AX11)) | AZ11: =IF(J11="","",J11) -> ME | BA11: 4 | BB11: 0.781 | BC11: 36 | BD11: 7.3 | BE11: 2.6 | BF11: 16.6 | BG11: 7.3 | BH11: 0.24 | BI11: 0.236 | BJ11: 0.052 | BK11: 0.054 | BL11: 0.052 | BM11: 0.055 | BN11: =IF(J11="","",J11) -> ME | BO11: 4 | BP11: 0.075 | BQ11: 0 | BR11: 7.3 | BS11: 7.4 | BT11: 17.7 | BU11: 0.011 | BV11: 1.18 | BW11: 0.94 | BX11: 0620 | BY11: 60 Livengood | BZ11: =IF(J11="","",J11) -> ME | CA11: 4 | CB11: 80.5 | CC11: 90.8 | CD11: =IF(CB12="","",IF(CC11="",IF(CB11=CB12,"",(CB11-CB12)),IF(CC11=CB12,"",(CC11-CB12)))) -> 1.4 | CE11: =IF(CD11="","",(CD11*(0.785*77*77)/1000)) -> 6.515971 | CF11: =IF(CE11="","",(CE11*0.12*1000)/I11) -> 6.6830472 | CG11: 128 | CH11: 100 | CI11: =IF(J11="","",J11) -> ME | CJ11: 4 | CK11: 83.1 | CL11: 93.5 | CM11: =IF(CK12="","",IF(CL11="",IF(CK11=CK12,"",(CK11-CK12)),IF(CL11=CK12,"",(CL11-CK12)))) -> 1.8 | CN11: =IF(CM11="","",(CM11*(0.785*77*77)/1000)) -> 8.377677 | CO11: =IF(CN11="","",(CN11*0.33*1.205*1000)/C11) -> 23.966786 | CP11: 53 | CQ11: 83 | CR11: =IF(J11="","",J11) -> ME | CS11: 4 | CT11: 90.3 | CU11: 113.5 | CV11: =IF(CT12="","",IF(CU11="",IF(CT11=CT12,"",(CT11-CT12)),IF(CU11=CT12,"",(CU11-CT12)))) -> 1.3 | CW11: =IF(CV11="","",(CV11*(0.785*92*92)/1000)) -> 8.637512 | CX11: =IF(CW11="","",(CW11)/C11) -> 0.062140374 | CY11: 16/16 | CZ11: 100/100 | DB11: =IF(J11="","",J11) -> ME | DC11: 4 | DD11: 98.9 | DF11: =IF(DD12="","",IF(DE11="",IF(DD11=DD12,"",(DD11-DD12)),IF(DE11=DD12,"",(DE11-DD12)))) -> 10.9 | DG11: =IF(DF11="","",(DF11*(0.785*92*92)*0.00812/1000)) -> 0.58806839 | DH11: =IF(DG11="","",(DG11*1000)/C11) -> 4.2307079 | DI11: 90 | DJ11: 54 | DK11: =IF(J11="","",J11) -> ME | DL11: 4 | DM11: 8.79 | DN11: 0.023 | DO11: 0.028 | DP11: 0.052 | DQ11: 6.84 | DR11: 7.4 | DS11: 1.189 | DT11: 87.4 | DU11: 4.2 | DV11: 0.709 | DW11: 3.9 | DX11: N | DY11: =IF(J11="","",J11) -> ME | DZ11: 4 | EA11: =IF(C11="","",C11/1496) -> 0.092914439 | EB11: =IF(F11="","",IF(Q11="",F11/1360,(F11+Q11)/1360)) -> 0.12205882 | EC11: =IF(I11="","",IF(C11="","",I11/C11)) -> 0.84172662 | ED11: 1.1 | EE11: 1.2 | EF11: 0.03 | EG11: 0.04 | EH11: =IF(J11="","",J11) -> ME | EI11: 4 | EQ11: =IF(J11="","",J11) -> ME
A12: 5 | B12: 860371 | C12: =IF(B13="","",IF(B13=B12,"",(B13-B12))) -> 218 | D12: 9.3 | E12: 764799 | F12: =IF(E13="","",IF(E13=E12,"",(E13-E12))) -> 164 | G12: 1.88 | H12: 728575 | I12: =IF(H13="","",IF(H13=H12,"",(H13-H12))) -> 148 | J12: ME | K12: 5 | L12: 67430 | M12: =IF(L13="","",IF(L13=L12,"",(L13-L12))) -> 41 | N12: 170010 | O12: =IF(N13="","",IF(N13=N12,"",(N13-N12))) -> 40 | P12: 194713 | Q12: =IF(P13="","",IF(P13=P12,"",(P13-P12))) | R12: 652 | S12: 660 | T12: 136 | U12: 133 | V12: =IF(J12="","",J12) -> ME | W12: 5 | X12: 11314.7 | Y12: =IF(X13="","",IF(X13=X12,"",X13-X12)) -> 4.56 | Z12: 12082.12 | AA12: =IF(Z13="","",IF(Z13=Z12,"",Z13-Z12)) -> 1.95 | AB12: 9563.66 | AC12: =IF(AB13="","",IF(AB13=AB12,"",AB13-AB12)) -> 3.59 | AD12: 9661.22 | AE12: =IF(AD13="","",IF(AD13=AD12,"",AD13-AD12)) -> 0.36 | AF12: =IF(J12="","",J12) -> ME | AG12: 5 | AH12: 45086.5 | AI12: =IF(AH13="","",IF(AH13=AH12,"",AH13-AH12)) -> 15.61 | AJ12: 47223.8 | AK12: =IF(AJ13="","",IF(AJ13=AJ12,"",AJ13-AJ12)) -> 10.28 | AL12: 585.23 | AM12: =IF(AL13="","",IF(AL13=AL12,"",AL13-AL12)) -> 0.03 | AN12: 546.24 | AO12: =IF(AN13="","",IF(AN13=AN12,"",AN13-AN12)) | AP12: =IF(J12="","",J12) -> ME | AQ12: 5 | AR12: 6506.6 | AS12: =IF(AR13="","",IF(AR13=AR12,"",AR13-AR12)) | AT12: 7138.78 | AU12: =IF(AT13="","",IF(AT13=AT12,"",AT13-AT12)) -> 3.59 | AV12: 247.23 | AW12: =IF(AV13="","",IF(AV13=AV12,"",AV13-AV12)) | AX12: 235.02 | AY12: =IF(AX13="","",IF(AX13=AX12,"",AX13-AX12)) -> 0.34 | AZ12: =IF(J12="","",J12) -> ME | BA12: 5 | BB12: 0.872 | BC12: 27 | BD12: 7.4 | BE12: 2.6 | BF12: 17.1 | BG12: 7.4 | BH12: 0.331 | BI12: 0.365 | BJ12: 0.6 | BK12: 0.048 | BL12: 0.067 | BM12: 0.063 | BN12: =IF(J12="","",J12) -> ME | BO12: 5 | BP12: 0.076 | BQ12: 0 | BR12: 7.3 | BS12: 7.4 | BT12: 18.6 | BU12: 0.013 | BV12: 1.32 | BW12: 0.87 | BX12: 0620 | BY12: 60 Livengood | BZ12: =IF(J12="","",J12) -> ME | CA12: 5 | CB12: 89.4 | CD12: =IF(CB13="","",IF(CC12="",IF(CB12=CB13,"",(CB12-CB13)),IF(CC12=CB13,"",(CC12-CB13)))) -> 0.8 | CE12: =IF(CD12="","",(CD12*(0.785*77*77)/1000)) -> 3.723412 | CF12: =IF(CE12="","",(CE12*0.12*1000)/I12) -> 3.0189827 | CG12: 123 | CH12: 100 | CI12: =IF(J12="","",J12) -> ME | CJ12: 5 | CK12: 91.7 | CM12: =IF(CK13="","",IF(CL12="",IF(CK12=CK13,"",(CK12-CK13)),IF(CL12=CK13,"",(CL12-CK13)))) -> 2.7 | CN12: =IF(CM12="","",(CM12*(0.785*77*77)/1000)) -> 12.566516 | CO12: =IF(CN12="","",(CN12*0.33*1.205*1000)/C12) -> 22.922362 | CP12: 52 | CQ12: 83 | CR12: =IF(J12="","",J12) -> ME | CS12: 5 | CT12: 112.2 | CU12: 107.8 | CV12: =IF(CT13="","",IF(CU12="",IF(CT12=CT13,"",(CT12-CT13)),IF(CU12=CT13,"",(CU12-CT13)))) -> 2 | CW12: =IF(CV12="","",(CV12*(0.785*92*92)/1000)) -> 13.28848 | CX12: =IF(CW12="","",(CW12)/C12) -> 0.06095633 | CY12: 16/16 | CZ12: 100/100 | DA12: Y | DB12: =IF(J12="","",J12) -> ME | DC12: 5 | DD12: 88 | DE12: 104.4 | DF12: =IF(DD13="","",IF(DE12="",IF(DD12=DD13,"",(DD12-DD13)),IF(DE12=DD13,"",(DE12-DD13)))) -> 18.6 | DG12: =IF(DF12="","",(DF12*(0.785*92*92)*0.00812/1000)) -> 1.0034929 | DH12: =IF(DG12="","",(DG12*1000)/C12) -> 4.6031782 | DI12: 90 | DJ12: 54 | DK12: =IF(J12="","",J12) -> ME | DL12: 5 | DM12: 8.56 | DN12: 0.023 | DO12: 0.026 | DP12: 0.057 | DQ12: 6.84 | DR12: 7.4 | DS12: 1.221 | DT12: 85.6 | DU12: 4.15 | DV12: 0.68 | DW12: 0.588 | DX12: Y | DY12: =IF(J12="","",J12) -> ME | DZ12: 5 | EA12: =IF(C12="","",C12/1496) -> 0.14572193 | EB12: =IF(F12="","",IF(Q12="",F12/1360,(F12+Q12)/1360)) -> 0.12058824 | EC12: =IF(I12="","",IF(C12="","",I12/C12)) -> 0.67889908 | ED12: 1.16 | EE12: 1.24 | EF12: 0.03 | EG12: 0.04 | EH12: =IF(J12="","",J12) -> ME | EI12: 5 | EQ12: =IF(J12="","",J12) -> ME
A13: 6 | B13: 860589 | C13: =IF(B14="","",IF(B14=B13,"",(B14-B13))) -> 138 | D13: 9 | E13: 764963 | F13: =IF(E14="","",IF(E14=E13,"",(E14-E13))) -> 143 | G13: 2.31 | H13: 728723 | I13: =IF(H14="","",IF(H14=H13,"",(H14-H13))) -> 116 | J13: ME | K13: 6 | L13: 67471 | M13: =IF(L14="","",IF(L14=L13,"",(L14-L13))) | N13: 170050 | O13: =IF(N14="","",IF(N14=N13,"",(N14-N13))) -> 42 | P13: 194713 | Q13: =IF(P14="","",IF(P14=P13,"",(P14-P13))) | R13: 652 | S13: 661 | T13: 136 | U13: 133 | V13: =IF(J13="","",J13) -> ME | W13: 6 | X13: 11319.26 | Y13: =IF(X14="","",IF(X14=X13,"",X14-X13)) -> 1.96 | Z13: 12084.07 | AA13: =IF(Z14="","",IF(Z14=Z13,"",Z14-Z13)) -> 2.09 | AB13: 9567.25 | AC13: =IF(AB14="","",IF(AB14=AB13,"",AB14-AB13)) -> 1.49 | AD13: 9661.58 | AE13: =IF(AD14="","",IF(AD14=AD13,"",AD14-AD13)) -> 1.62 | AF13: =IF(J13="","",J13) -> ME | AG13: 6 | AH13: 45102.11 | AI13: =IF(AH14="","",IF(AH14=AH13,"",AH14-AH13)) -> 8.4 | AJ13: 47234.08 | AK13: =IF(AJ14="","",IF(AJ14=AJ13,"",AJ14-AJ13)) -> 14.74 | AL13: 585.26 | AM13: =IF(AL14="","",IF(AL14=AL13,"",AL14-AL13)) | AN13: 546.24 | AO13: =IF(AN14="","",IF(AN14=AN13,"",AN14-AN13)) | AP13: =IF(J13="","",J13) -> ME | AQ13: 6 | AR13: 6506.6 | AS13: =IF(AR14="","",IF(AR14=AR13,"",AR14-AR13)) | AT13: 7142.37 | AU13: =IF(AT14="","",IF(AT14=AT13,"",AT14-AT13)) -> 3.4 | AV13: 247.23 | AW13: =IF(AV14="","",IF(AV14=AV13,"",AV14-AV13)) | AX13: 235.36 | AY13: =IF(AX14="","",IF(AX14=AX13,"",AX14-AX13)) | AZ13: =IF(J13="","",J13) -> ME | BA13: 6 | BN13: =IF(J13="","",J13) -> ME | BO13: 6 | BP13: 0.079 | BQ13: 0 | BR13: 7.4 | BS13: 7.4 | BT13: 16.6 | BU13: 0.015 | BV13: 1.24 | BW13: 0.87 | BX13: 0635 | BY13: 60 Livengood | BZ13: =IF(J13="","",J13) -> ME | CA13: 6 | CB13: 88.6 | CD13: =IF(CB14="","",IF(CC13="",IF(CB13=CB14,"",(CB13-CB14)),IF(CC13=CB14,"",(CC13-CB14)))) -> 1.1 | CE13: =IF(CD13="","",(CD13*(0.785*77*77)/1000)) -> 5.1196915 | CF13: =IF(CE13="","",(CE13*0.12*1000)/I13) -> 5.2962326 | CG13: 125 | CH13: 100 | CI13: =IF(J13="","",J13) -> ME | CJ13: 6 | CK13: 89 | CM13: =IF(CK14="","",IF(CL13="",IF(CK13=CK14,"",(CK13-CK14)),IF(CL13=CK14,"",(CL13-CK14)))) -> 1.6 | CN13: =IF(CM13="","",(CM13*(0.785*77*77)/1000)) -> 7.446824 | CO13: =IF(CN13="","",(CN13*0.33*1.205*1000)/C13) -> 21.458185 | CP13: 53 | CQ13: 83 | CR13: =IF(J13="","",J13) -> ME | CS13: 6 | CT13: 105.8 | CV13: =IF(CT14="","",IF(CU13="",IF(CT13=CT14,"",(CT13-CT14)),IF(CU13=CT14,"",(CU13-CT14)))) -> 1.6 | CW13: =IF(CV13="","",(CV13*(0.785*92*92)/1000)) -> 10.630784 | CX13: =IF(CW13="","",(CW13)/C13) -> 0.077034667 | CY13: 16/16 | CZ13: 100/100 | DB13: =IF(J13="","",J13) -> ME | DC13: 6 | DD13: 85.8 | DE13: 103 | DF13: =IF(DD14="","",IF(DE13="",IF(DD13=DD14,"",(DD13-DD14)),IF(DE13=DD14,"",(DE13-DD14)))) -> 11.8 | DG13: =IF(DF13="","",(DF13*(0.785*92*92)*0.00812/1000)) -> 0.6366245 | DH13: =IF(DG13="","",(DG13*1000)/C13) -> 4.613221 | DI13: 90 | DJ13: 54 | DK13: =IF(J13="","",J13) -> ME | DL13: 6 | DM13: 9.05 | DN13: 0.022 | DO13: 0.027 | DP13: 4.276 | DQ13: 6.83 | DR13: 7.4 | DS13: 1.196 | DT13: 86.7 | DU13: 4.2 | DV13: 0.723 | DW13: 1.861 | DX13: Y | DY13: =IF(J13="","",J13) -> ME | DZ13: 6 | EA13: =IF(C13="","",C13/1496) -> 0.092245989 | EB13: =IF(F13="","",IF(Q13="",F13/1360,(F13+Q13)/1360)) -> 0.10514706 | EC13: =IF(I13="","",IF(C13="","",I13/C13)) -> 0.84057971 | ED13: 0.91 | EE13: 1.24 | EF13: 0.03 | EG13: 0.05 | EH13: =IF(J13="","",J13) -> ME | EI13: 6 | EJ13: Tanker filling @ Fire Hall momentary dip in CL2 and spike in turbidity (ME) | EQ13: =IF(J13="","",J13) -> ME
A14: 7 | B14: 860727 | C14: =IF(B15="","",IF(B15=B14,"",(B15-B14))) -> 144 | D14: 9.4 | E14: 765106 | F14: =IF(E15="","",IF(E15=E14,"",(E15-E14))) -> 149 | G14: 3.38 | H14: 728839 | I14: =IF(H15="","",IF(H15=H14,"",(H15-H14))) -> 122 | J14: ME | K14: 7 | L14: 67471 | M14: =IF(L15="","",IF(L15=L14,"",(L15-L14))) -> 1 | N14: 170092 | O14: =IF(N15="","",IF(N15=N14,"",(N15-N14))) -> 37 | P14: 194713 | Q14: =IF(P15="","",IF(P15=P14,"",(P15-P14))) | R14: 652 | S14: 661 | T14: 136 | U14: 133 | V14: =IF(J14="","",J14) -> ME | W14: 7 | X14: 11321.22 | Y14: =IF(X15="","",IF(X15=X14,"",X15-X14)) -> 2.02 | Z14: 12086.16 | AA14: =IF(Z15="","",IF(Z15=Z14,"",Z15-Z14)) -> 2.21 | AB14: 9568.74 | AC14: =IF(AB15="","",IF(AB15=AB14,"",AB15-AB14)) -> 1.58 | AD14: 9663.2 | AE14: =IF(AD15="","",IF(AD15=AD14,"",AD15-AD14)) -> 1.64 | AF14: =IF(J14="","",J14) -> ME | AG14: 7 | AH14: 45110.51 | AI14: =IF(AH15="","",IF(AH15=AH14,"",AH15-AH14)) -> 10.4 | AJ14: 47248.82 | AK14: =IF(AJ15="","",IF(AJ15=AJ14,"",AJ15-AJ14)) -> 9.27 | AL14: 585.26 | AM14: =IF(AL15="","",IF(AL15=AL14,"",AL15-AL14)) | AN14: 546.24 | AO14: =IF(AN15="","",IF(AN15=AN14,"",AN15-AN14)) -> 0.1 | AP14: =IF(J14="","",J14) -> ME | AQ14: 7 | AR14: 6506.6 | AS14: =IF(AR15="","",IF(AR15=AR14,"",AR15-AR14)) -> 0.55 | AT14: 7145.77 | AU14: =IF(AT15="","",IF(AT15=AT14,"",AT15-AT14)) -> 3.02 | AV14: 247.23 | AW14: =IF(AV15="","",IF(AV15=AV14,"",AV15-AV14)) | AX14: 235.36 | AY14: =IF(AX15="","",IF(AX15=AX14,"",AX15-AX14)) | AZ14: =IF(J14="","",J14) -> ME | BA14: 7 | BN14: =IF(J14="","",J14) -> ME | BO14: 7 | BP14: 0.099 | BQ14: 0 | BR14: 7.3 | BS14: 7.4 | BT14: 18 | BU14: 0.013 | BV14: 1.24 | BW14: 1.11 | BX14: 0540 | BY14: 60 Livengood | BZ14: =IF(J14="","",J14) -> ME | CA14: 7 | CB14: 87.5 | CD14: =IF(CB15="","",IF(CC14="",IF(CB14=CB15,"",(CB14-CB15)),IF(CC14=CB15,"",(CC14-CB15)))) -> 0.9 | CE14: =IF(CD14="","",(CD14*(0.785*77*77)/1000)) -> 4.1888385 | CF14: =IF(CE14="","",(CE14*0.12*1000)/I14) -> 4.120169 | CG14: 123 | CH14: 100 | CI14: =IF(J14="","",J14) -> ME | CJ14: 7 | CK14: 87.4 | CM14: =IF(CK15="","",IF(CL14="",IF(CK14=CK15,"",(CK14-CK15)),IF(CL14=CK15,"",(CL14-CK15)))) -> 1.8 | CN14: =IF(CM14="","",(CM14*(0.785*77*77)/1000)) -> 8.377677 | CO14: =IF(CN14="","",(CN14*0.33*1.205*1000)/C14) -> 23.134606 | CP14: 53 | CQ14: 83 | CR14: =IF(J14="","",J14) -> ME | CS14: 7 | CT14: 104.2 | CV14: =IF(CT15="","",IF(CU14="",IF(CT14=CT15,"",(CT14-CT15)),IF(CU14=CT15,"",(CU14-CT15)))) -> 1.5 | CW14: =IF(CV14="","",(CV14*(0.785*92*92)/1000)) -> 9.96636 | CX14: =IF(CW14="","",(CW14)/C14) -> 0.069210833 | CY14: 16/16 | CZ14: 100/100 | DB14: =IF(J14="","",J14) -> ME | DC14: 7 | DD14: 91.2 | DE14: 103.9 | DF14: =IF(DD15="","",IF(DE14="",IF(DD14=DD15,"",(DD14-DD15)),IF(DE14=DD15,"",(DE14-DD15)))) -> 12.3 | DG14: =IF(DF14="","",(DF14*(0.785*92*92)*0.00812/1000)) -> 0.66360011 | DH14: =IF(DG14="","",(DG14*1000)/C14) -> 4.6083341 | DI14: 90 | DJ14: 54 | DK14: =IF(J14="","",J14) -> ME | DL14: 7 | DM14: 8.43 | DN14: 0.023 | DO14: 0.03 | DP14: 0.081 | DQ14: 6.84 | DR14: 7.4 | DS14: 1.205 | DT14: 86.8 | DU14: 4.2 | DV14: 1.394 | DW14: 0.722 | DX14: Y | DY14: =IF(J14="","",J14) -> ME | DZ14: 7 | EA14: =IF(C14="","",C14/1496) -> 0.096256684 | EB14: =IF(F14="","",IF(Q14="",F14/1360,(F14+Q14)/1360)) -> 0.10955882 | EC14: =IF(I14="","",IF(C14="","",I14/C14)) -> 0.84722222 | ED14: 0.98 | EE14: 1.2 | EF14: 0.04 | EG14: 0.05 | EH14: =IF(J14="","",J14) -> ME | EI14: 7 | EJ14: Tanker filling @ Fire Hall momentary dip in CL2 and spike in turbidity (ME) | EQ14: =IF(J14="","",J14) -> ME
A15: 8 | B15: 860871 | C15: =IF(B16="","",IF(B16=B15,"",(B16-B15))) -> 154 | D15: 9.82 | E15: 765255 | F15: =IF(E16="","",IF(E16=E15,"",(E16-E15))) -> 159 | G15: 2.4 | H15: 728961 | I15: =IF(H16="","",IF(H16=H15,"",(H16-H15))) -> 133 | J15: ME | K15: 8 | L15: 67472 | M15: =IF(L16="","",IF(L16=L15,"",(L16-L15))) | N15: 170129 | O15: =IF(N16="","",IF(N16=N15,"",(N16-N15))) -> 40 | P15: 194713 | Q15: =IF(P16="","",IF(P16=P15,"",(P16-P15))) | R15: 652 | S15: 661 | T15: 136 | U15: 133 | V15: =IF(J15="","",J15) -> ME | W15: 8 | X15: 11323.24 | Y15: =IF(X16="","",IF(X16=X15,"",X16-X15)) -> 2.15 | Z15: 12088.37 | AA15: =IF(Z16="","",IF(Z16=Z15,"",Z16-Z15)) -> 2.23 | AB15: 9570.32 | AC15: =IF(AB16="","",IF(AB16=AB15,"",AB16-AB15)) -> 1.71 | AD15: 9664.84 | AE15: =IF(AD16="","",IF(AD16=AD15,"",AD16-AD15)) -> 2.23 | AF15: =IF(J15="","",J15) -> ME | AG15: 8 | AH15: 45120.91 | AI15: =IF(AH16="","",IF(AH16=AH15,"",AH16-AH15)) -> 13.6 | AJ15: 47258.09 | AK15: =IF(AJ16="","",IF(AJ16=AJ15,"",AJ16-AJ15)) -> 8.25 | AL15: 585.26 | AM15: =IF(AL16="","",IF(AL16=AL15,"",AL16-AL15)) | AN15: 546.34 | AO15: =IF(AN16="","",IF(AN16=AN15,"",AN16-AN15)) | AP15: =IF(J15="","",J15) -> ME | AQ15: 8 | AR15: 6507.15 | AS15: =IF(AR16="","",IF(AR16=AR15,"",AR16-AR15)) | AT15: 7148.79 | AU15: =IF(AT16="","",IF(AT16=AT15,"",AT16-AT15)) -> 4.26 | AV15: 247.23 | AW15: =IF(AV16="","",IF(AV16=AV15,"",AV16-AV15)) | AX15: 235.36 | AY15: =IF(AX16="","",IF(AX16=AX15,"",AX16-AX15)) | AZ15: =IF(J15="","",J15) -> ME | BA15: 8 | BB15: 0.812 | BC15: 46 | BD15: 7.3 | BE15: 2.6 | BF15: 14.2 | BG15: 7.3 | BH15: 0.261 | BI15: 0.273 | BJ15: 0.061 | BK15: 0.062 | BL15: 0.074 | BM15: 0.068 | BN15: =IF(J15="","",J15) -> ME | BO15: 8 | BP15: 0.117 | BQ15: 0 | BR15: 7.3 | BS15: 7.3 | BT15: 18.1 | BU15: 0.015 | BV15: 1.25 | BW15: 0.99 | BX15: 0620 | BY15: 60 Livengood | BZ15: =IF(J15="","",J15) -> ME | CA15: 8 | CB15: 86.6 | CD15: =IF(CB16="","",IF(CC15="",IF(CB15=CB16,"",(CB15-CB16)),IF(CC15=CB16,"",(CC15-CB16)))) -> 1 | CE15: =IF(CD15="","",(CD15*(0.785*77*77)/1000)) -> 4.654265 | CF15: =IF(CE15="","",(CE15*0.12*1000)/I15) -> 4.1993368 | CG15: 115 | CH15: 100 | CI15: =IF(J15="","",J15) -> ME | CJ15: 8 | CK15: 85.6 | CL15: 97.1 | CM15: =IF(CK16="","",IF(CL15="",IF(CK15=CK16,"",(CK15-CK16)),IF(CL15=CK16,"",(CL15-CK16)))) -> 2.3 | CN15: =IF(CM15="","",(CM15*(0.785*77*77)/1000)) -> 10.704809 | CO15: =IF(CN15="","",(CN15*0.33*1.205*1000)/C15) -> 27.641347 | CP15: 55 | CQ15: 83 | CR15: =IF(J15="","",J15) -> ME | CS15: 8 | CT15: 102.7 | CV15: =IF(CT16="","",IF(CU15="",IF(CT15=CT16,"",(CT15-CT16)),IF(CU15=CT16,"",(CU15-CT16)))) -> 1.6 | CW15: =IF(CV15="","",(CV15*(0.785*92*92)/1000)) -> 10.630784 | CX15: =IF(CW15="","",(CW15)/C15) -> 0.069031065 | CY15: 17/17 | CZ15: 100/100 | DB15: =IF(J15="","",J15) -> ME | DC15: 8 | DD15: 91.6 | DE15: 102.9 | DF15: =IF(DD16="","",IF(DE15="",IF(DD15=DD16,"",(DD15-DD16)),IF(DE15=DD16,"",(DE15-DD16)))) -> 13.6 | DG15: =IF(DF15="","",(DF15*(0.785*92*92)*0.00812/1000)) -> 0.73373671 | DH15: =IF(DG15="","",(DG15*1000)/C15) -> 4.7645241 | DI15: 92 | DJ15: 54 | DK15: =IF(J15="","",J15) -> ME | DL15: 8 | DM15: 8.77 | DN15: 0.022 | DO15: 0.029 | DP15: 0.085 | DQ15: 6.82 | DR15: 7.3 | DS15: 1.216 | DT15: 86.5 | DU15: 4.2 | DV15: 1.185 | DW15: 0.5 | DX15: Y | DY15: =IF(J15="","",J15) -> ME | DZ15: 8 | EA15: =IF(C15="","",C15/1496) -> 0.10294118 | EB15: =IF(F15="","",IF(Q15="",F15/1360,(F15+Q15)/1360)) -> 0.11691176 | EC15: =IF(I15="","",IF(C15="","",I15/C15)) -> 0.86363636 | ED15: 1.12 | EE15: 1.23 | EF15: 0.03 | EG15: 0.05 | EH15: =IF(J15="","",J15) -> ME | EI15: 8 | EJ15: Received Bulk PACL 2448l and 1680l of cl2 (ME) | EQ15: =IF(J15="","",J15) -> ME
A16: 9 | B16: 861025 | C16: =IF(B17="","",IF(B17=B16,"",(B17-B16))) -> 252 | D16: 9.45 | E16: 765414 | F16: =IF(E17="","",IF(E17=E16,"",(E17-E16))) -> 193 | G16: 1.06 | H16: 729094 | I16: =IF(H17="","",IF(H17=H16,"",(H17-H16))) -> 180 | J16: ME | K16: 9 | L16: 67472 | M16: =IF(L17="","",IF(L17=L16,"",(L17-L16))) -> 41 | N16: 170169 | O16: =IF(N17="","",IF(N17=N16,"",(N17-N16))) -> 44 | P16: 194713 | Q16: =IF(P17="","",IF(P17=P16,"",(P17-P16))) | R16: 652 | S16: 661 | T16: 136 | U16: 133 | V16: =IF(J16="","",J16) -> ME | W16: 9 | X16: 11325.39 | Y16: =IF(X17="","",IF(X17=X16,"",X17-X16)) -> 3.5 | Z16: 12090.6 | AA16: =IF(Z17="","",IF(Z17=Z16,"",Z17-Z16)) -> 4.12 | AB16: 9572.03 | AC16: =IF(AB17="","",IF(AB17=AB16,"",AB17-AB16)) -> 1.69 | AD16: 9667.07 | AE16: =IF(AD17="","",IF(AD17=AD16,"",AD17-AD16)) -> 2.73 | AF16: =IF(J16="","",J16) -> ME | AG16: 9 | AH16: 45134.51 | AI16: =IF(AH17="","",IF(AH17=AH16,"",AH17-AH16)) -> 8.77 | AJ16: 47266.34 | AK16: =IF(AJ17="","",IF(AJ17=AJ16,"",AJ17-AJ16)) -> 15.75 | AL16: 585.26 | AM16: =IF(AL17="","",IF(AL17=AL16,"",AL17-AL16)) | AN16: 546.34 | AO16: =IF(AN17="","",IF(AN17=AN16,"",AN17-AN16)) | AP16: =IF(J16="","",J16) -> ME | AQ16: 9 | AR16: 6507.15 | AS16: =IF(AR17="","",IF(AR17=AR16,"",AR17-AR16)) | AT16: 7153.05 | AU16: =IF(AT17="","",IF(AT17=AT16,"",AT17-AT16)) -> 4.06 | AV16: 247.23 | AW16: =IF(AV17="","",IF(AV17=AV16,"",AV17-AV16)) -> 0.34 | AX16: 235.36 | AY16: =IF(AX17="","",IF(AX17=AX16,"",AX17-AX16)) | AZ16: =IF(J16="","",J16) -> ME | BA16: 9 | BB16: 0.879 | BC16: 15 | BD16: 7.3 | BE16: 2.7 | BF16: 16.2 | BG16: 7.3 | BH16: 0.372 | BI16: 0.356 | BJ16: 0.071 | BK16: 0.067 | BL16: 0.052 | BM16: 0.059 | BN16: =IF(J16="","",J16) -> ME | BO16: 9 | BP16: 0.097 | BQ16: 0 | BR16: 7.3 | BS16: 7.3 | BT16: 17.4 | BU16: 0.01 | BV16: 1.16 | BW16: 1 | BX16: 0620 | BY16: 60 Livengood | BZ16: =IF(J16="","",J16) -> ME | CA16: 9 | CB16: 85.6 | CD16: =IF(CB17="","",IF(CC16="",IF(CB16=CB17,"",(CB16-CB17)),IF(CC16=CB17,"",(CC16-CB17)))) -> 1.7 | CE16: =IF(CD16="","",(CD16*(0.785*77*77)/1000)) -> 7.9122505 | CF16: =IF(CE16="","",(CE16*0.12*1000)/I16) -> 5.2748337 | CG16: 121 | CH16: 100 | CI16: =IF(J16="","",J16) -> ME | CJ16: 9 | CK16: 94.8 | CM16: =IF(CK17="","",IF(CL16="",IF(CK16=CK17,"",(CK16-CK17)),IF(CL16=CK17,"",(CL16-CK17)))) -> 3.2 | CN16: =IF(CM16="","",(CM16*(0.785*77*77)/1000)) -> 14.893648 | CO16: =IF(CN16="","",(CN16*0.33*1.205*1000)/C16) -> 23.501822 | CP16: 53 | CQ16: 83 | CR16: =IF(J16="","",J16) -> ME | CS16: 9 | CT16: 101.1 | CV16: =IF(CT17="","",IF(CU16="",IF(CT16=CT17,"",(CT16-CT17)),IF(CU16=CT17,"",(CU16-CT17)))) -> 2.6 | CW16: =IF(CV16="","",(CV16*(0.785*92*92)/1000)) -> 17.275024 | CX16: =IF(CW16="","",(CW16)/C16) -> 0.068551683 | CY16: 16/16 | CZ16: 100/100 | DB16: =IF(J16="","",J16) -> ME | DC16: 9 | DD16: 89.3 | DE16: 103.8 | DF16: =IF(DD17="","",IF(DE16="",IF(DD16=DD17,"",(DD16-DD17)),IF(DE16=DD17,"",(DE16-DD17)))) -> 20.5 | DG16: =IF(DF16="","",(DF16*(0.785*92*92)*0.00812/1000)) -> 1.1060002 | DH16: =IF(DG16="","",(DG16*1000)/C16) -> 4.3888896 | DI16: 90 | DJ16: 54 | DK16: =IF(J16="","",J16) -> ME | DL16: 9 | DM16: 8.72 | DN16: 0.019 | DO16: 0.029 | DP16: 0.069 | DQ16: 6.82 | DR16: 7.3 | DS16: 1.149 | DT16: 86.2 | DU16: 4.2 | DV16: 0.816 | DW16: 0.448 | DX16: Y | DY16: =IF(J16="","",J16) -> ME | DZ16: 9 | EA16: =IF(C16="","",C16/1496) -> 0.1684492 | EB16: =IF(F16="","",IF(Q16="",F16/1360,(F16+Q16)/1360)) -> 0.14191176 | EC16: =IF(I16="","",IF(C16="","",I16/C16)) -> 0.71428571 | ED16: 1.1 | EE16: 1.18 | EF16: 0.03 | EG16: 0.05 | EH16: =IF(J16="","",J16) -> ME | EI16: 9 | EQ16: =IF(J16="","",J16) -> ME
A17: 10 | B17: 861277 | C17: =IF(B18="","",IF(B18=B17,"",(B18-B17))) -> 151 | D17: 9.31 | E17: 765607 | F17: =IF(E18="","",IF(E18=E17,"",(E18-E17))) -> 221 | G17: 0.47 | H17: 729274 | I17: =IF(H18="","",IF(H18=H17,"",(H18-H17))) -> 131 | J17: ME | K17: 10 | L17: 67513 | M17: =IF(L18="","",IF(L18=L17,"",(L18-L17))) | N17: 170213 | O17: =IF(N18="","",IF(N18=N17,"",(N18-N17))) -> 50 | P17: 194713 | Q17: =IF(P18="","",IF(P18=P17,"",(P18-P17))) | R17: 653 | S17: 661 | T17: 136 | U17: 133 | V17: =IF(J17="","",J17) -> ME | W17: 10 | X17: 11328.89 | Y17: =IF(X18="","",IF(X18=X17,"",X18-X17)) -> 2.21 | Z17: 12094.72 | AA17: =IF(Z18="","",IF(Z18=Z17,"",Z18-Z17)) -> 2.18 | AB17: 9573.72 | AC17: =IF(AB18="","",IF(AB18=AB17,"",AB18-AB17)) -> 1.75 | AD17: 9669.8 | AE17: =IF(AD18="","",IF(AD18=AD17,"",AD18-AD17)) -> 1.73 | AF17: =IF(J17="","",J17) -> ME | AG17: 10 | AH17: 45143.28 | AI17: =IF(AH18="","",IF(AH18=AH17,"",AH18-AH17)) -> 15.24 | AJ17: 47282.09 | AK17: =IF(AJ18="","",IF(AJ18=AJ17,"",AJ18-AJ17)) -> 12.75 | AL17: 585.26 | AM17: =IF(AL18="","",IF(AL18=AL17,"",AL18-AL17)) | AN17: 546.34 | AO17: =IF(AN18="","",IF(AN18=AN17,"",AN18-AN17)) | AP17: =IF(J17="","",J17) -> ME | AQ17: 10 | AR17: 6507.15 | AS17: =IF(AR18="","",IF(AR18=AR17,"",AR18-AR17)) | AT17: 7157.11 | AU17: =IF(AT18="","",IF(AT18=AT17,"",AT18-AT17)) -> 4.21 | AV17: 247.57 | AW17: =IF(AV18="","",IF(AV18=AV17,"",AV18-AV17)) | AX17: 235.36 | AY17: =IF(AX18="","",IF(AX18=AX17,"",AX18-AX17)) | AZ17: =IF(J17="","",J17) -> ME | BA17: 10 | BN17: =IF(J17="","",J17) -> ME | BO17: 10 | BP17: 0.082 | BV17: 1.14 | BW17: 1.07 | BX17: 0650 | BY17: 60 Livengood | BZ17: =IF(J17="","",J17) -> ME | CA17: 10 | CB17: 83.9 | CD17: =IF(CB18="","",IF(CC17="",IF(CB17=CB18,"",(CB17-CB18)),IF(CC17=CB18,"",(CC17-CB18)))) -> 0.9 | CE17: =IF(CD17="","",(CD17*(0.785*77*77)/1000)) -> 4.1888385 | CF17: =IF(CE17="","",(CE17*0.12*1000)/I17) -> 3.837104 | CG17: 121 | CH17: 100 | CI17: =IF(J17="","",J17) -> ME | CJ17: 10 | CK17: 91.6 | CM17: =IF(CK18="","",IF(CL17="",IF(CK17=CK18,"",(CK17-CK18)),IF(CL17=CK18,"",(CL17-CK18)))) -> 1.7 | CN17: =IF(CM17="","",(CM17*(0.785*77*77)/1000)) -> 7.9122505 | CO17: =IF(CN17="","",(CN17*0.33*1.205*1000)/C17) -> 20.836466 | CP17: 53 | CQ17: 83 | CR17: =IF(J17="","",J17) -> ME | CS17: 10 | CT17: 98.5 | CV17: =IF(CT18="","",IF(CU17="",IF(CT17=CT18,"",(CT17-CT18)),IF(CU17=CT18,"",(CU17-CT18)))) -> 1.6 | CW17: =IF(CV17="","",(CV17*(0.785*92*92)/1000)) -> 10.630784 | CX17: =IF(CW17="","",(CW17)/C17) -> 0.070402543 | CY17: 16/16 | CZ17: 100/100 | DB17: =IF(J17="","",J17) -> ME | DC17: 10 | DD17: 83.3 | DE17: 103.3 | DF17: =IF(DD18="","",IF(DE17="",IF(DD17=DD18,"",(DD17-DD18)),IF(DE17=DD18,"",(DE17-DD18)))) -> 13.7 | DG17: =IF(DF17="","",(DF17*(0.785*92*92)*0.00812/1000)) -> 0.73913183 | DH17: =IF(DG17="","",(DG17*1000)/C17) -> 4.8949128 | DI17: 90 | DJ17: 54 | DK17: =IF(J17="","",J17) -> ME | DL17: 10 | DM17: 8.65 | DN17: 0.022 | DO17: 0.029 | DP17: 0.058 | DQ17: 6.82 | DR17: 7.2 | DS17: 1.143 | DT17: 86.3 | DU17: 4.28 | DV17: 1.832 | DW17: 0.746 | DX17: Y | DY17: =IF(J17="","",J17) -> ME | DZ17: 10 | EA17: =IF(C17="","",C17/1496) -> 0.10093583 | EB17: =IF(F17="","",IF(Q17="",F17/1360,(F17+Q17)/1360)) -> 0.1625 | EC17: =IF(I17="","",IF(C17="","",I17/C17)) -> 0.86754967 | ED17: 1.07 | EE17: 1.15 | EF17: 0.04 | EG17: 0.07 | EH17: =IF(J17="","",J17) -> ME | EI17: 10 | EQ17: =IF(J17="","",J17) -> ME
A18: 11 | B18: 861428 | C18: =IF(B19="","",IF(B19=B18,"",(B19-B18))) -> 175 | D18: 9.66 | E18: 765828 | F18: =IF(E19="","",IF(E19=E18,"",(E19-E18))) -> 148 | G18: 1.44 | H18: 729405 | I18: =IF(H19="","",IF(H19=H18,"",(H19-H18))) -> 151 | J18: ME | K18: 11 | L18: 67513 | M18: =IF(L19="","",IF(L19=L18,"",(L19-L18))) | N18: 170263 | O18: =IF(N19="","",IF(N19=N18,"",(N19-N18))) -> 40 | P18: 194713 | Q18: =IF(P19="","",IF(P19=P18,"",(P19-P18))) | R18: 653 | S18: 661 | T18: 136 | U18: 133 | V18: =IF(J18="","",J18) -> ME | W18: 11 | X18: 11331.1 | Y18: =IF(X19="","",IF(X19=X18,"",X19-X18)) -> 3.15 | Z18: 12096.9 | AA18: =IF(Z19="","",IF(Z19=Z18,"",Z19-Z18)) -> 1.91 | AB18: 9575.47 | AC18: =IF(AB19="","",IF(AB19=AB18,"",AB19-AB18)) -> 2.55 | AD18: 9671.53 | AE18: =IF(AD19="","",IF(AD19=AD18,"",AD19-AD18)) -> 1.48 | AF18: =IF(J18="","",J18) -> ME | AG18: 11 | AH18: 45158.52 | AI18: =IF(AH19="","",IF(AH19=AH18,"",AH19-AH18)) -> 12.07 | AJ18: 47294.84 | AK18: =IF(AJ19="","",IF(AJ19=AJ18,"",AJ19-AJ18)) -> 11.26 | AL18: 585.26 | AM18: =IF(AL19="","",IF(AL19=AL18,"",AL19-AL18)) | AN18: 546.34 | AO18: =IF(AN19="","",IF(AN19=AN18,"",AN19-AN18)) | AP18: =IF(J18="","",J18) -> ME | AQ18: 11 | AR18: 6507.15 | AS18: =IF(AR19="","",IF(AR19=AR18,"",AR19-AR18)) | AT18: 7161.32 | AU18: =IF(AT19="","",IF(AT19=AT18,"",AT19-AT18)) -> 4.4 | AV18: 247.57 | AW18: =IF(AV19="","",IF(AV19=AV18,"",AV19-AV18)) | AX18: 235.36 | AY18: =IF(AX19="","",IF(AX19=AX18,"",AX19-AX18)) | AZ18: =IF(J18="","",J18) -> ME | BA18: 11 | BB18: 0.862 | BC18: 13 | BD18: 7.3 | BE18: 2.6 | BF18: 12.2 | BG18: 7.3 | BH18: 0.269 | BI18: 0.256 | BJ18: 0.055 | BK18: 0.048 | BL18: 0.054 | BM18: 0.052 | BN18: =IF(J18="","",J18) -> ME | BO18: 11 | BP18: 0.081 | BQ18: 0 | BR18: 7.3 | BS18: 7.1 | BT18: 16.9 | BU18: 0.012 | BV18: 1.1 | BW18: 1.02 | BX18: 0620 | BY18: 60 Livengood | BZ18: =IF(J18="","",J18) -> ME | CA18: 11 | CB18: 83 | CC18: 95.6 | CD18: =IF(CB19="","",IF(CC18="",IF(CB18=CB19,"",(CB18-CB19)),IF(CC18=CB19,"",(CC18-CB19)))) -> 1.7 | CE18: =IF(CD18="","",(CD18*(0.785*77*77)/1000)) -> 7.9122505 | CF18: =IF(CE18="","",(CE18*0.12*1000)/I18) -> 6.2878812 | CG18: 136 | CH18: 100 | CI18: =IF(J18="","",J18) -> ME | CJ18: 11 | CK18: 89.9 | CM18: =IF(CK19="","",IF(CL18="",IF(CK18=CK19,"",(CK18-CK19)),IF(CL18=CK19,"",(CL18-CK19)))) -> 2.1 | CN18: =IF(CM18="","",(CM18*(0.785*77*77)/1000)) -> 9.7739565 | CO18: =IF(CN18="","",(CN18*0.33*1.205*1000)/C18) -> 22.209222 | CP18: 53 | CQ18: 83 | CR18: =IF(J18="","",J18) -> ME | CS18: 11 | CT18: 96.9 | CU18: 92.5 | CV18: =IF(CT19="","",IF(CU18="",IF(CT18=CT19,"",(CT18-CT19)),IF(CU18=CT19,"",(CU18-CT19)))) -> 1.8 | CW18: =IF(CV18="","",(CV18*(0.785*92*92)/1000)) -> 11.959632 | CX18: =IF(CW18="","",(CW18)/C18) -> 0.068340754 | CY18: 16/16 | CZ18: 100/100 | DA18: Y | DB18: =IF(J18="","",J18) -> ME | DC18: 11 | DD18: 89.6 | DE18: 103.4 | DF18: =IF(DD19="","",IF(DE18="",IF(DD18=DD19,"",(DD18-DD19)),IF(DE18=DD19,"",(DE18-DD19)))) -> 12.9 | DG18: =IF(DF18="","",(DF18*(0.785*92*92)*0.00812/1000)) -> 0.69597085 | DH18: =IF(DG18="","",(DG18*1000)/C18) -> 3.9769763 | DI18: 90 | DJ18: 54 | DK18: =IF(J18="","",J18) -> ME | DL18: 11 | DM18: 7.12 | DN18: 0.024 | DO18: 0.025 | DP18: 0.057 | DQ18: 6.81 | DR18: 7.1 | DS18: 1.026 | DT18: 86.4 | DU18: 4.11 | DV18: 1.147 | DW18: 0.434 | DX18: Y | DY18: =IF(J18="","",J18) -> ME | DZ18: 11 | EA18: =IF(C18="","",C18/1496) -> 0.11697861 | EB18: =IF(F18="","",IF(Q18="",F18/1360,(F18+Q18)/1360)) -> 0.10882353 | EC18: =IF(I18="","",IF(C18="","",I18/C18)) -> 0.86285714 | ED18: 0.99 | EE18: 1.27 | EF18: 0.03 | EG18: 0.06 | EH18: =IF(J18="","",J18) -> ME | EI18: 11 | EQ18: =IF(J18="","",J18) -> ME
A19: 12 | B19: 861603 | C19: =IF(B20="","",IF(B20=B19,"",(B20-B19))) -> 135 | D19: 9.81 | E19: 765976 | F19: =IF(E20="","",IF(E20=E19,"",(E20-E19))) -> 148 | G19: 3.33 | H19: 729556 | I19: =IF(H20="","",IF(H20=H19,"",(H20-H19))) -> 115 | J19: ME | K19: 12 | L19: 67513 | M19: =IF(L20="","",IF(L20=L19,"",(L20-L19))) | N19: 170303 | O19: =IF(N20="","",IF(N20=N19,"",(N20-N19))) -> 28 | P19: 194713 | Q19: =IF(P20="","",IF(P20=P19,"",(P20-P19))) | R19: 653 | S19: 661 | T19: 136 | U19: 133 | V19: =IF(J19="","",J19) -> ME | W19: 12 | X19: 11334.25 | Y19: =IF(X20="","",IF(X20=X19,"",X20-X19)) -> 1.91 | Z19: 12098.81 | AA19: =IF(Z20="","",IF(Z20=Z19,"",Z20-Z19)) -> 2.02 | AB19: 9578.02 | AC19: =IF(AB20="","",IF(AB20=AB19,"",AB20-AB19)) -> 1.5 | AD19: 9673.01 | AE19: =IF(AD20="","",IF(AD20=AD19,"",AD20-AD19)) -> 1.56 | AF19: =IF(J19="","",J19) -> ME | AG19: 12 | AH19: 45170.59 | AI19: =IF(AH20="","",IF(AH20=AH19,"",AH20-AH19)) -> 11.94 | AJ19: 47306.1 | AK19: =IF(AJ20="","",IF(AJ20=AJ19,"",AJ20-AJ19)) -> 11.88 | AL19: 585.26 | AM19: =IF(AL20="","",IF(AL20=AL19,"",AL20-AL19)) | AN19: 546.34 | AO19: =IF(AN20="","",IF(AN20=AN19,"",AN20-AN19)) | AP19: =IF(J19="","",J19) -> ME | AQ19: 12 | AR19: 6507.15 | AS19: =IF(AR20="","",IF(AR20=AR19,"",AR20-AR19)) | AT19: 7165.72 | AU19: =IF(AT20="","",IF(AT20=AT19,"",AT20-AT19)) -> 2.97 | AV19: 247.57 | AW19: =IF(AV20="","",IF(AV20=AV19,"",AV20-AV19)) | AX19: 235.36 | AY19: =IF(AX20="","",IF(AX20=AX19,"",AX20-AX19)) | AZ19: =IF(J19="","",J19) -> ME | BA19: 12 | BB19: 0.715 | BC19: 43 | BD19: 7.3 | BE19: 2.6 | BF19: 14.2 | BG19: 7.3 | BH19: 0.319 | BI19: 0.246 | BJ19: 0.05 | BK19: 0.046 | BL19: 0.061 | BM19: 0.048 | BN19: =IF(J19="","",J19) -> ME | BO19: 12 | BP19: 0.088 | BQ19: 0 | BR19: 7.3 | BS19: 7.1 | BT19: 17.4 | BU19: 0.008 | BV19: 1.17 | BW19: 1.08 | BX19: 0620 | BY19: 60 Livengood | BZ19: =IF(J19="","",J19) -> ME | CA19: 12 | CB19: 93.9 | CD19: =IF(CB20="","",IF(CC19="",IF(CB19=CB20,"",(CB19-CB20)),IF(CC19=CB20,"",(CC19-CB20)))) -> 1.7 | CE19: =IF(CD19="","",(CD19*(0.785*77*77)/1000)) -> 7.9122505 | CF19: =IF(CE19="","",(CE19*0.12*1000)/I19) -> 8.2562614 | CG19: 128 | CH19: 100 | CI19: =IF(J19="","",J19) -> ME | CJ19: 12 | CK19: 87.8 | CM19: =IF(CK20="","",IF(CL19="",IF(CK19=CK20,"",(CK19-CK20)),IF(CL19=CK20,"",(CL19-CK20)))) -> 1.6 | CN19: =IF(CM19="","",(CM19*(0.785*77*77)/1000)) -> 7.446824 | CO19: =IF(CN19="","",(CN19*0.33*1.205*1000)/C19) -> 21.935034 | CP19: 55 | CQ19: 83 | CR19: =IF(J19="","",J19) -> ME | CS19: 12 | CT19: 90.7 | CV19: =IF(CT20="","",IF(CU19="",IF(CT19=CT20,"",(CT19-CT20)),IF(CU19=CT20,"",(CU19-CT20)))) -> 1.5 | CW19: =IF(CV19="","",(CV19*(0.785*92*92)/1000)) -> 9.96636 | CX19: =IF(CW19="","",(CW19)/C19) -> 0.073824889 | CY19: 17/17 | CZ19: 100/100 | DB19: =IF(J19="","",J19) -> ME | DC19: 12 | DD19: 90.5 | DE19: 103 | DF19: =IF(DD20="","",IF(DE19="",IF(DD19=DD20,"",(DD19-DD20)),IF(DE19=DD20,"",(DE19-DD20)))) -> 11.9 | DG19: =IF(DF19="","",(DF19*(0.785*92*92)*0.00812/1000)) -> 0.64201962 | DH19: =IF(DG19="","",(DG19*1000)/C19) -> 4.7557009 | DI19: 92 | DJ19: 54 | DK19: =IF(J19="","",J19) -> ME | DL19: 12 | DM19: 8.87 | DN19: 0.023 | DO19: 0.026 | DP19: 0.055 | DQ19: 6.82 | DR19: 7.1 | DS19: 1.147 | DT19: 85.3 | DU19: 4.21 | DV19: 0.668 | DW19: 0.486 | DX19: Y | DY19: =IF(J19="","",J19) -> ME | DZ19: 12 | EA19: =IF(C19="","",C19/1496) -> 0.090240642 | EB19: =IF(F19="","",IF(Q19="",F19/1360,(F19+Q19)/1360)) -> 0.10882353 | EC19: =IF(I19="","",IF(C19="","",I19/C19)) -> 0.85185185 | ED19: 1.04 | EE19: 1.19 | EF19: 0.03 | EG19: 0.06 | EH19: =IF(J19="","",J19) -> ME | EI19: 12 | EQ19: =IF(J19="","",J19) -> ME
A20: 13 | B20: 861738 | C20: =IF(B21="","",IF(B21=B20,"",(B21-B20))) -> 182 | D20: 9.89 | E20: 766124 | F20: =IF(E21="","",IF(E21=E20,"",(E21-E20))) -> 153 | G20: 2.83 | H20: 729671 | I20: =IF(H21="","",IF(H21=H20,"",(H21-H20))) -> 120 | J20: ME | K20: 13 | L20: 67513 | M20: =IF(L21="","",IF(L21=L20,"",(L21-L20))) -> 42 | N20: 170331 | O20: =IF(N21="","",IF(N21=N20,"",(N21-N20))) -> 45 | P20: 194713 | Q20: =IF(P21="","",IF(P21=P20,"",(P21-P20))) | R20: 653 | S20: 661 | T20: 136 | U20: 133 | V20: =IF(J20="","",J20) -> ME | W20: 13 | X20: 11336.16 | Y20: =IF(X21="","",IF(X21=X20,"",X21-X20)) -> 4.12 | Z20: 12100.83 | AA20: =IF(Z21="","",IF(Z21=Z20,"",Z21-Z20)) -> 1.33 | AB20: 9579.52 | AC20: =IF(AB21="","",IF(AB21=AB20,"",AB21-AB20)) -> 1.62 | AD20: 9674.57 | AE20: =IF(AD21="","",IF(AD21=AD20,"",AD21-AD20)) -> 1.58 | AF20: =IF(J20="","",J20) -> ME | AG20: 13 | AH20: 45182.53 | AI20: =IF(AH21="","",IF(AH21=AH20,"",AH21-AH20)) -> 11.92 | AJ20: 47317.98 | AK20: =IF(AJ21="","",IF(AJ21=AJ20,"",AJ21-AJ20)) -> 12.13 | AL20: 585.26 | AM20: =IF(AL21="","",IF(AL21=AL20,"",AL21-AL20)) | AN20: 546.34 | AO20: =IF(AN21="","",IF(AN21=AN20,"",AN21-AN20)) | AP20: =IF(J20="","",J20) -> ME | AQ20: 13 | AR20: 6507.15 | AS20: =IF(AR21="","",IF(AR21=AR20,"",AR21-AR20)) | AT20: 7168.69 | AU20: =IF(AT21="","",IF(AT21=AT20,"",AT21-AT20)) -> 3.76 | AV20: 247.57 | AW20: =IF(AV21="","",IF(AV21=AV20,"",AV21-AV20)) | AX20: 235.36 | AY20: =IF(AX21="","",IF(AX21=AX20,"",AX21-AX20)) -> 0.34 | AZ20: =IF(J20="","",J20) -> ME | BA20: 13 | BB20: 0.694 | BC20: 28 | BD20: 7.2 | BE20: 2.8 | BF20: 13.7 | BG20: 7.2 | BH20: 0.296 | BI20: 0.271 | BJ20: 0.058 | BK20: 0.057 | BL20: 0.05 | BM20: 0.049 | BN20: =IF(J20="","",J20) -> ME | BO20: 13 | BP20: 0.08 | BQ20: 0 | BR20: 7.2 | BS20: 7.2 | BT20: 17.2 | BU20: 0.01 | BV20: 1.23 | BW20: 1.1 | BX20: 0650 | BY20: 60 Livengood | BZ20: =IF(J20="","",J20) -> ME | CA20: 13 | CB20: 92.2 | CD20: =IF(CB21="","",IF(CC20="",IF(CB20=CB21,"",(CB20-CB21)),IF(CC20=CB21,"",(CC20-CB21)))) -> 1.4 | CE20: =IF(CD20="","",(CD20*(0.785*77*77)/1000)) -> 6.515971 | CF20: =IF(CE20="","",(CE20*0.12*1000)/I20) -> 6.515971 | CG20: 100 | CH20: 100 | CI20: =IF(J20="","",J20) -> ME | CJ20: 13 | CK20: 86.2 | CL20: 97.9 | CM20: =IF(CK21="","",IF(CL20="",IF(CK20=CK21,"",(CK20-CK21)),IF(CL20=CK21,"",(CL20-CK21)))) -> 2.3 | CN20: =IF(CM20="","",(CM20*(0.785*77*77)/1000)) -> 10.70481 | CO20: =IF(CN20="","",(CN20*0.33*1.205*1000)/C20) -> 23.388832 | CP20: 55 | CQ20: 83 | CR20: =IF(J20="","",J20) -> ME | CS20: 13 | CT20: 89.2 | CU20: 113.5 | CV20: =IF(CT21="","",IF(CU20="",IF(CT20=CT21,"",(CT20-CT21)),IF(CU20=CT21,"",(CU20-CT21)))) -> 1.3 | CW20: =IF(CV20="","",(CV20*(0.785*92*92)/1000)) -> 8.637512 | CX20: =IF(CW20="","",(CW20)/C20) -> 0.047458857 | CY20: 17/17 | CZ20: 100/100 | DB20: =IF(J20="","",J20) -> ME | DC20: 13 | DD20: 91.1 | DE20: 106.9 | DF20: =IF(DD21="","",IF(DE20="",IF(DD20=DD21,"",(DD20-DD21)),IF(DE20=DD21,"",(DE20-DD21)))) -> 17.6 | DG20: =IF(DF20="","",(DF20*(0.785*92*92)*0.00812/1000)) -> 0.94954163 | DH20: =IF(DG20="","",(DG20*1000)/C20) -> 5.2172617 | DI20: 93 | DJ20: 54 | DK20: =IF(J20="","",J20) -> ME | DL20: 13 | DM20: 8.67 | DN20: 0.023 | DO20: 0.026 | DP20: 0.054 | DQ20: 6.84 | DR20: 7.2 | DS20: 1.207 | DT20: 83.5 | DU20: 4.2 | DV20: 0.686 | DW20: 0.658 | DX20: N | DY20: =IF(J20="","",J20) -> ME | DZ20: 13 | EA20: =IF(C20="","",C20/1496) -> 0.12165775 | EB20: =IF(F20="","",IF(Q20="",F20/1360,(F20+Q20)/1360)) -> 0.1125 | EC20: =IF(I20="","",IF(C20="","",I20/C20)) -> 0.65934066 | ED20: 1.16 | EE20: 1.26 | EF20: 0.03 | EG20: 0.07 | EH20: =IF(J20="","",J20) -> ME | EI20: 13 | EJ20: change length of stroke on chemical pumps to match dosage rates (ME) | EQ20: =IF(J20="","",J20) -> ME
A21: 14 | B21: 861920 | C21: =IF(B22="","",IF(B22=B21,"",(B22-B21))) -> 141 | D21: 8.82 | E21: 766277 | F21: =IF(E22="","",IF(E22=E21,"",(E22-E21))) -> 136 | G21: 3.54 | H21: 729791 | I21: =IF(H22="","",IF(H22=H21,"",(H22-H21))) -> 119 | J21: ME | K21: 14 | L21: 67555 | M21: =IF(L22="","",IF(L22=L21,"",(L22-L21))) | N21: 170376 | O21: =IF(N22="","",IF(N22=N21,"",(N22-N21))) -> 40 | P21: 194713 | Q21: =IF(P22="","",IF(P22=P21,"",(P22-P21))) | R21: 653 | S21: 662 | T21: 136 | U21: 133 | V21: =IF(J21="","",J21) -> ME | W21: 14 | X21: 11340.28 | Y21: =IF(X22="","",IF(X22=X21,"",X22-X21)) -> 1.96 | Z21: 12102.16 | AA21: =IF(Z22="","",IF(Z22=Z21,"",Z22-Z21)) -> 2.14 | AB21: 9581.14 | AC21: =IF(AB22="","",IF(AB22=AB21,"",AB22-AB21)) -> 1.65 | AD21: 9676.15 | AE21: =IF(AD22="","",IF(AD22=AD21,"",AD22-AD21)) -> 1.53 | AF21: =IF(J21="","",J21) -> ME | AG21: 14 | AH21: 45194.45 | AI21: =IF(AH22="","",IF(AH22=AH21,"",AH22-AH21)) -> 12.08 | AJ21: 47330.11 | AK21: =IF(AJ22="","",IF(AJ22=AJ21,"",AJ22-AJ21)) -> 10.07 | AL21: 585.26 | AM21: =IF(AL22="","",IF(AL22=AL21,"",AL22-AL21)) | AN21: 546.34 | AO21: =IF(AN22="","",IF(AN22=AN21,"",AN22-AN21)) | AP21: =IF(J21="","",J21) -> ME | AQ21: 14 | AR21: 6507.15 | AS21: =IF(AR22="","",IF(AR22=AR21,"",AR22-AR21)) | AT21: 7172.45 | AU21: =IF(AT22="","",IF(AT22=AT21,"",AT22-AT21)) -> 3.7 | AV21: 247.57 | AW21: =IF(AV22="","",IF(AV22=AV21,"",AV22-AV21)) | AX21: 235.7 | AY21: =IF(AX22="","",IF(AX22=AX21,"",AX22-AX21)) | AZ21: =IF(J21="","",J21) -> ME | BA21: 14 | BB21: 0.698 | BC21: 25 | BD21: 7.3 | BE21: 2.8 | BF21: 15.8 | BG21: 7.3 | BH21: 0.232 | BI21: 0.217 | BJ21: 0.06 | BK21: 0.053 | BL21: 0.052 | BM21: 0.051 | BN21: =IF(J21="","",J21) -> ME | BO21: 14 | BP21: 0.08 | BQ21: 0 | BR21: 7.3 | BS21: 7.2 | BT21: 17.8 | BU21: 0.013 | BV21: 1.27 | BW21: 1.01 | BX21: 0550 | BY21: 60 Livengood | BZ21: =IF(J21="","",J21) -> ME | CA21: 14 | CB21: 90.8 | CD21: =IF(CB22="","",IF(CC21="",IF(CB21=CB22,"",(CB21-CB22)),IF(CC21=CB22,"",(CC21-CB22)))) -> 1.3 | CE21: =IF(CD21="","",(CD21*(0.785*77*77)/1000)) -> 6.0505445 | CF21: =IF(CE21="","",(CE21*0.12*1000)/I21) -> 6.1013894 | CG21: 76 | CH21: 100 | CI21: =IF(J21="","",J21) -> ME | CJ21: 14 | CK21: 95.6 | CM21: =IF(CK22="","",IF(CL21="",IF(CK21=CK22,"",(CK21-CK22)),IF(CL21=CK22,"",(CL21-CK22)))) -> 1.7 | CN21: =IF(CM21="","",(CM21*(0.785*77*77)/1000)) -> 7.9122505 | CO21: =IF(CN21="","",(CN21*0.33*1.205*1000)/C21) -> 22.31423 | CP21: 48 | CQ21: 83 | CR21: =IF(J21="","",J21) -> ME | CS21: 14 | CT21: 112.2 | CV21: =IF(CT22="","",IF(CU21="",IF(CT21=CT22,"",(CT21-CT22)),IF(CU21=CT22,"",(CU21-CT22)))) -> 1.4 | CW21: =IF(CV21="","",(CV21*(0.785*92*92)/1000)) -> 9.301936 | CX21: =IF(CW21="","",(CW21)/C21) -> 0.065971177 | CY21: 15/15 | CZ21: 100/100 | DB21: =IF(J21="","",J21) -> ME | DC21: 14 | DD21: 89.3 | DE21: 102.8 | DF21: =IF(DD22="","",IF(DE21="",IF(DD21=DD22,"",(DD21-DD22)),IF(DE21=DD22,"",(DE21-DD22)))) -> 13.8 | DG21: =IF(DF21="","",(DF21*(0.785*92*92)*0.00812/1000)) -> 0.74452696 | DH21: =IF(DG21="","",(DG21*1000)/C21) -> 5.280333 | DI21: 82 | DJ21: 54 | DK21: =IF(J21="","",J21) -> ME | DL21: 14 | DM21: 9.02 | DN21: 0.022 | DO21: 0.029 | DP21: 0.054 | DQ21: 6.84 | DR21: 7.2 | DS21: 1.266 | DT21: 85.9 | DU21: 4.2 | DV21: 1.495 | DW21: 0.258 | DX21: Y | DY21: =IF(J21="","",J21) -> ME | DZ21: 14 | EA21: =IF(C21="","",C21/1496) -> 0.094251337 | EB21: =IF(F21="","",IF(Q21="",F21/1360,(F21+Q21)/1360)) -> 0.1 | EC21: =IF(I21="","",IF(C21="","",I21/C21)) -> 0.84397163 | ED21: 1.23 | EE21: 1.28 | EF21: 0.03 | EG21: 0.05 | EH21: =IF(J21="","",J21) -> ME | EI21: 14 | EQ21: =IF(J21="","",J21) -> ME
A22: 15 | B22: 862061 | C22: =IF(B23="","",IF(B23=B22,"",(B23-B22))) -> 212 | D22: 9.4 | E22: 766413 | F22: =IF(E23="","",IF(E23=E22,"",(E23-E22))) -> 183 | G22: 0.63 | H22: 729910 | I22: =IF(H23="","",IF(H23=H22,"",(H23-H22))) -> 184 | J22: SA/ME | K22: 15 | L22: 67555 | M22: =IF(L23="","",IF(L23=L22,"",(L23-L22))) | N22: 170416 | O22: =IF(N23="","",IF(N23=N22,"",(N23-N22))) -> 44 | P22: 194713 | Q22: =IF(P23="","",IF(P23=P22,"",(P23-P22))) | R22: 653 | S22: 662 | T22: 136 | U22: 133 | V22: =IF(J22="","",J22) -> SA/ME | W22: 15 | X22: 11342.24 | Y22: =IF(X23="","",IF(X23=X22,"",X23-X22)) -> 2.03 | Z22: 12104.3 | AA22: =IF(Z23="","",IF(Z23=Z22,"",Z23-Z22)) -> 3.95 | AB22: 9582.79 | AC22: =IF(AB23="","",IF(AB23=AB22,"",AB23-AB22)) -> 3.32 | AD22: 9677.68 | AE22: =IF(AD23="","",IF(AD23=AD22,"",AD23-AD22)) -> 1.58 | AF22: =IF(J22="","",J22) -> SA/ME | AG22: 15 | AH22: 45206.53 | AI22: =IF(AH23="","",IF(AH23=AH22,"",AH23-AH22)) -> 13.91 | AJ22: 47340.18 | AK22: =IF(AJ23="","",IF(AJ23=AJ22,"",AJ23-AJ22)) -> 13.93 | AL22: 585.26 | AM22: =IF(AL23="","",IF(AL23=AL22,"",AL23-AL22)) | AN22: 546.34 | AO22: =IF(AN23="","",IF(AN23=AN22,"",AN23-AN22)) | AP22: =IF(J22="","",J22) -> SA/ME | AQ22: 15 | AR22: 6507.15 | AS22: =IF(AR23="","",IF(AR23=AR22,"",AR23-AR22)) | AT22: 7176.15 | AU22: =IF(AT23="","",IF(AT23=AT22,"",AT23-AT22)) -> 5.07 | AV22: 247.57 | AW22: =IF(AV23="","",IF(AV23=AV22,"",AV23-AV22)) | AX22: 235.7 | AY22: =IF(AX23="","",IF(AX23=AX22,"",AX23-AX22)) | AZ22: =IF(J22="","",J22) -> SA/ME | BA22: 15 | BB22: 0.699 | BC22: 10 | BD22: 7.3 | BE22: 2.7 | BF22: 15.6 | BG22: 7.3 | BH22: 0.322 | BI22: 0.309 | BJ22: 0.066 | BK22: 0.067 | BL22: 0.049 | BM22: 0.055 | BN22: =IF(J22="","",J22) -> SA/ME | BO22: 15 | BP22: 0.076 | BQ22: 0 | BR22: 7.3 | BS22: 7.2 | BT22: 18.2 | BU22: 0.01 | BV22: 1.24 | BW22: 1.14 | BX22: 0750 | BY22: 60 Livengood | BZ22: =IF(J22="","",J22) -> SA/ME | CA22: 15 | CB22: 89.5 | CD22: =IF(CB23="","",IF(CC22="",IF(CB22=CB23,"",(CB22-CB23)),IF(CC22=CB23,"",(CC22-CB23)))) -> 1.4 | CE22: =IF(CD22="","",(CD22*(0.785*77*77)/1000)) -> 6.515971 | CF22: =IF(CE22="","",(CE22*0.12*1000)/I22) -> 4.2495463 | CG22: 76 | CH22: 100 | CI22: =IF(J22="","",J22) -> SA/ME | CJ22: 15 | CK22: 93.9 | CM22: =IF(CK23="","",IF(CL22="",IF(CK22=CK23,"",(CK22-CK23)),IF(CL22=CK23,"",(CL22-CK23)))) -> 2.6 | CN22: =IF(CM22="","",(CM22*(0.785*77*77)/1000)) -> 12.101089 | CO22: =IF(CN22="","",(CN22*0.33*1.205*1000)/C22) -> 22.698104 | CP22: 48 | CQ22: 83 | CR22: =IF(J22="","",J22) -> SA/ME | CS22: 15 | CT22: 110.8 | CV22: =IF(CT23="","",IF(CU22="",IF(CT22=CT23,"",(CT22-CT23)),IF(CU22=CT23,"",(CU22-CT23)))) -> 2.2 | CW22: =IF(CV22="","",(CV22*(0.785*92*92)/1000)) -> 14.617328 | CX22: =IF(CW22="","",(CW22)/C22) -> 0.06894966 | CY22: 15/15 | CZ22: 100/100 | DB22: =IF(J22="","",J22) -> SA/ME | DC22: 15 | DD22: 89 | DE22: 104.9 | DF22: =IF(DD23="","",IF(DE22="",IF(DD22=DD23,"",(DD22-DD23)),IF(DE22=DD23,"",(DE22-DD23)))) -> 13.1 | DG22: =IF(DF22="","",(DF22*(0.785*92*92)*0.00812/1000)) -> 0.7067611 | DH22: =IF(DG22="","",(DG22*1000)/C22) -> 3.3337788 | DI22: 82 | DJ22: 54 | DK22: =IF(J22="","",J22) -> SA/ME | DL22: 15 | DM22: 8.59 | DN22: 0.022 | DO22: 0.028 | DP22: 0.054 | DQ22: 6.85 | DR22: 7.2 | DS22: 1.261 | DT22: 85.2 | DU22: 4.24 | DV22: 1.052 | DW22: 0.22 | DX22: Y | DY22: =IF(J22="","",J22) -> SA/ME | DZ22: 15 | EA22: =IF(C22="","",C22/1496) -> 0.14171123 | EB22: =IF(F22="","",IF(Q22="",F22/1360,(F22+Q22)/1360)) -> 0.13455882 | EC22: =IF(I22="","",IF(C22="","",I22/C22)) -> 0.86792453 | ED22: 1.23 | EE22: 1.26 | EF22: 0.03 | EG22: 0.04 | EH22: =IF(J22="","",J22) -> SA/ME | EI22: 15 | EQ22: =IF(J22="","",J22) -> SA/ME
A23: 16 | B23: 862273 | C23: =IF(B24="","",IF(B24=B23,"",(B24-B23))) -> 148 | D23: 9.5 | E23: 766596 | F23: =IF(E24="","",IF(E24=E23,"",(E24-E23))) -> 176 | G23: 1.76 | H23: 730094 | I23: =IF(H24="","",IF(H24=H23,"",(H24-H23))) -> 122 | J23: SA/ME | K23: 16 | L23: 67555 | M23: =IF(L24="","",IF(L24=L23,"",(L24-L23))) -> 2 | N23: 170460 | O23: =IF(N24="","",IF(N24=N23,"",(N24-N23))) -> 29 | P23: 194713 | Q23: =IF(P24="","",IF(P24=P23,"",(P24-P23))) | R23: 653 | S23: 662 | T23: 136 | U23: 133 | V23: =IF(J23="","",J23) -> SA/ME | W23: 16 | X23: 11344.27 | Y23: =IF(X24="","",IF(X24=X23,"",X24-X23)) -> 1.99 | Z23: 12108.25 | AA23: =IF(Z24="","",IF(Z24=Z23,"",Z24-Z23)) -> 2.52 | AB23: 9586.11 | AC23: =IF(AB24="","",IF(AB24=AB23,"",AB24-AB23)) -> 1.7 | AD23: 9679.26 | AE23: =IF(AD24="","",IF(AD24=AD23,"",AD24-AD23)) -> 1.54 | AF23: =IF(J23="","",J23) -> SA/ME | AG23: 16 | AH23: 45220.44 | AI23: =IF(AH24="","",IF(AH24=AH23,"",AH24-AH23)) -> 10.1 | AJ23: 47354.11 | AK23: =IF(AJ24="","",IF(AJ24=AJ23,"",AJ24-AJ23)) -> 16.17 | AL23: 585.26 | AM23: =IF(AL24="","",IF(AL24=AL23,"",AL24-AL23)) | AN23: 546.34 | AO23: =IF(AN24="","",IF(AN24=AN23,"",AN24-AN23)) | AP23: =IF(J23="","",J23) -> SA/ME | AQ23: 16 | AR23: 6507.15 | AS23: =IF(AR24="","",IF(AR24=AR23,"",AR24-AR23)) | AT23: 7181.22 | AU23: =IF(AT24="","",IF(AT24=AT23,"",AT24-AT23)) -> 3.19 | AV23: 247.57 | AW23: =IF(AV24="","",IF(AV24=AV23,"",AV24-AV23)) | AX23: 235.7 | AY23: =IF(AX24="","",IF(AX24=AX23,"",AX24-AX23)) | AZ23: =IF(J23="","",J23) -> SA/ME | BA23: 16 | BN23: =IF(J23="","",J23) -> SA/ME | BO23: 16 | BP23: 0.078 | BQ23: 0 | BR23: 7.3 | BS23: 7.1 | BT23: 15 | BU23: 0.01 | BV23: 1.28 | BW23: 1.09 | BX23: 1430 | BY23: 32 Willow St | BZ23: =IF(J23="","",J23) -> SA/ME | CA23: 16 | CB23: 88.1 | CD23: =IF(CB24="","",IF(CC23="",IF(CB23=CB24,"",(CB23-CB24)),IF(CC23=CB24,"",(CC23-CB24)))) -> 1.1 | CE23: =IF(CD23="","",(CD23*(0.785*77*77)/1000)) -> 5.1196915 | CF23: =IF(CE23="","",(CE23*0.12*1000)/I23) -> 5.0357621 | CG23: 76 | CH23: 100 | CI23: =IF(J23="","",J23) -> SA/ME | CJ23: 16 | CK23: 91.3 | CM23: =IF(CK24="","",IF(CL23="",IF(CK23=CK24,"",(CK23-CK24)),IF(CL23=CK24,"",(CL23-CK24)))) -> 1.8 | CN23: =IF(CM23="","",(CM23*(0.785*77*77)/1000)) -> 8.377677 | CO23: =IF(CN23="","",(CN23*0.33*1.205*1000)/C23) -> 22.509346 | CP23: 48 | CQ23: 83 | CR23: =IF(J23="","",J23) -> SA/ME | CS23: 16 | CT23: 108.6 | CV23: =IF(CT24="","",IF(CU23="",IF(CT23=CT24,"",(CT23-CT24)),IF(CU23=CT24,"",(CU23-CT24)))) -> 1.6 | CW23: =IF(CV23="","",(CV23*(0.785*92*92)/1000)) -> 10.630784 | CX23: =IF(CW23="","",(CW23)/C23) -> 0.071829622 | CY23: 15/15 | CZ23: 100/100 | DB23: =IF(J23="","",J23) -> SA/ME | DC23: 16 | DD23: 91.8 | DE23: 104.5 | DF23: =IF(DD24="","",IF(DE23="",IF(DD23=DD24,"",(DD23-DD24)),IF(DE23=DD24,"",(DE23-DD24)))) -> 12.5 | DG23: =IF(DF23="","",(DF23*(0.785*92*92)*0.00812/1000)) -> 0.67439036 | DH23: =IF(DG23="","",(DG23*1000)/C23) -> 4.5566916 | DI23: 82 | DJ23: 54 | DK23: =IF(J23="","",J23) -> SA/ME | DL23: 16 | DM23: 8.42 | DN23: 0.012 | DO23: 0.027 | DP23: 0.051 | DQ23: 6.84 | DR23: 7.1 | DS23: 1.241 | DT23: 85.2 | DU23: 4.37 | DV23: 0.681 | DW23: 0.89 | DX23: Y | DY23: =IF(J23="","",J23) -> SA/ME | DZ23: 16 | EA23: =IF(C23="","",C23/1496) -> 0.098930481 | EB23: =IF(F23="","",IF(Q23="",F23/1360,(F23+Q23)/1360)) -> 0.12941176 | EC23: =IF(I23="","",IF(C23="","",I23/C23)) -> 0.82432432 | ED23: 1.21 | EE23: 1.24 | EF23: 0.03 | EG23: 0.04 | EH23: =IF(J23="","",J23) -> SA/ME | EI23: 16 | EQ23: =IF(J23="","",J23) -> SA/ME
A24: 17 | B24: 862421 | C24: =IF(B25="","",IF(B25=B24,"",(B25-B24))) -> 71 | D24: 9.49 | E24: 766772 | F24: =IF(E25="","",IF(E25=E24,"",(E25-E24))) -> 128 | G24: 1.7 | H24: 730216 | I24: =IF(H25="","",IF(H25=H24,"",(H25-H24))) -> 61 | J24: SA/ME | K24: 17 | L24: 67557 | M24: =IF(L25="","",IF(L25=L24,"",(L25-L24))) -> 1 | N24: 170489 | O24: =IF(N25="","",IF(N25=N24,"",(N25-N24))) -> 23 | P24: 194713 | Q24: =IF(P25="","",IF(P25=P24,"",(P25-P24))) | R24: 653 | S24: 662 | T24: 136 | U24: 133 | V24: =IF(J24="","",J24) -> SA/ME | W24: 17 | X24: 11346.26 | Y24: =IF(X25="","",IF(X25=X24,"",X25-X24)) -> 2.07 | Z24: 12110.77 | AA24: =IF(Z25="","",IF(Z25=Z24,"",Z25-Z24)) | AB24: 9587.81 | AC24: =IF(AB25="","",IF(AB25=AB24,"",AB25-AB24)) | AD24: 9680.8 | AE24: =IF(AD25="","",IF(AD25=AD24,"",AD25-AD24)) -> 1.63 | AF24: =IF(J24="","",J24) -> SA/ME | AG24: 17 | AH24: 45230.54 | AI24: =IF(AH25="","",IF(AH25=AH24,"",AH25-AH24)) -> 12.81 | AJ24: 47370.28 | AK24: =IF(AJ25="","",IF(AJ25=AJ24,"",AJ25-AJ24)) -> 7.84 | AL24: 585.26 | AM24: =IF(AL25="","",IF(AL25=AL24,"",AL25-AL24)) | AN24: 546.34 | AO24: =IF(AN25="","",IF(AN25=AN24,"",AN25-AN24)) | AP24: =IF(J24="","",J24) -> SA/ME | AQ24: 17 | AR24: 6507.15 | AS24: =IF(AR25="","",IF(AR25=AR24,"",AR25-AR24)) | AT24: 7184.41 | AU24: =IF(AT25="","",IF(AT25=AT24,"",AT25-AT24)) -> 2.51 | AV24: 247.57 | AW24: =IF(AV25="","",IF(AV25=AV24,"",AV25-AV24)) | AX24: 235.7 | AY24: =IF(AX25="","",IF(AX25=AX24,"",AX25-AX24)) | AZ24: =IF(J24="","",J24) -> SA/ME | BA24: 17 | BN24: =IF(J24="","",J24) -> SA/ME | BO24: 17 | BP24: 0.078 | BQ24: 0 | BR24: 7.3 | BS24: 7.2 | BT24: 16.3 | BU24: 0.012 | BV24: 1.28 | BW24: 1.14 | BX24: 1530 | BY24: 32 Willow St | BZ24: =IF(J24="","",J24) -> SA/ME | CA24: 17 | CB24: 87 | CD24: =IF(CB25="","",IF(CC24="",IF(CB24=CB25,"",(CB24-CB25)),IF(CC24=CB25,"",(CC24-CB25)))) -> 0.7 | CE24: =IF(CD24="","",(CD24*(0.785*77*77)/1000)) -> 3.2579855 | CF24: =IF(CE24="","",(CE24*0.12*1000)/I24) -> 6.4091518 | CG24: 76 | CH24: 100 | CI24: =IF(J24="","",J24) -> SA/ME | CJ24: 17 | CK24: 89.5 | CM24: =IF(CK25="","",IF(CL24="",IF(CK24=CK25,"",(CK24-CK25)),IF(CL24=CK25,"",(CL24-CK25)))) -> 0.9 | CN24: =IF(CM24="","",(CM24*(0.785*77*77)/1000)) -> 4.1888385 | CO24: =IF(CN24="","",(CN24*0.33*1.205*1000)/C24) -> 23.460445 | CP24: 48 | CQ24: 83 | CR24: =IF(J24="","",J24) -> SA/ME | CS24: 17 | CT24: 107 | CU24: 104.8 | CV24: =IF(CT25="","",IF(CU24="",IF(CT24=CT25,"",(CT24-CT25)),IF(CU24=CT25,"",(CU24-CT25)))) -> 0.7 | CW24: =IF(CV24="","",(CV24*(0.785*92*92)/1000)) -> 4.650968 | CX24: =IF(CW24="","",(CW24)/C24) -> 0.065506592 | CY24: 15/15 | CZ24: 100/100 | DA24: Y | DB24: =IF(J24="","",J24) -> SA/ME | DC24: 17 | DD24: 92 | DE24: 106 | DF24: =IF(DD25="","",IF(DE24="",IF(DD24=DD25,"",(DD24-DD25)),IF(DE24=DD25,"",(DE24-DD25)))) -> 6.5 | DG24: =IF(DF24="","",(DF24*(0.785*92*92)*0.00812/1000)) -> 0.35068299 | DH24: =IF(DG24="","",(DG24*1000)/C24) -> 4.939197 | DI24: 82 | DJ24: 54 | DK24: =IF(J24="","",J24) -> SA/ME | DL24: 17 | DM24: 8.47 | DN24: 0.017 | DO24: 0.029 | DP24: 0.051 | DQ24: 6.84 | DR24: 7.2 | DS24: 1.229 | DT24: 87 | DU24: 4.3 | DV24: 0.694 | DW24: 0.816 | DX24: N | DY24: =IF(J24="","",J24) -> SA/ME | DZ24: 17 | EA24: =IF(C24="","",C24/1496) -> 0.047459893 | EB24: =IF(F24="","",IF(Q24="",F24/1360,(F24+Q24)/1360)) -> 0.094117647 | EC24: =IF(I24="","",IF(C24="","",I24/C24)) -> 0.85915493 | ED24: 1.21 | EE24: 1.24 | EF24: 0.03 | EG24: 0.05 | EH24: =IF(J24="","",J24) -> SA/ME | EI24: 17 | EQ24: =IF(J24="","",J24) -> SA/ME
A25: 18 | B25: 862492 | C25: =IF(B26="","",IF(B26=B25,"",(B26-B25))) -> 185 | D25: 9.35 | E25: 766900 | F25: =IF(E26="","",IF(E26=E25,"",(E26-E25))) -> 142 | G25: 1.2 | H25: 730277 | I25: =IF(H26="","",IF(H26=H25,"",(H26-H25))) -> 123 | J25: ME | K25: 18 | L25: 67558 | M25: =IF(L26="","",IF(L26=L25,"",(L26-L25))) -> 41 | N25: 170512 | O25: =IF(N26="","",IF(N26=N25,"",(N26-N25))) -> 43 | P25: 194713 | Q25: =IF(P26="","",IF(P26=P25,"",(P26-P25))) | R25: 653 | S25: 662 | T25: 136 | U25: 133 | V25: =IF(J25="","",J25) -> ME | W25: 18 | X25: 11348.33 | Y25: =IF(X26="","",IF(X26=X25,"",X26-X25)) -> 2.03 | Z25: 12110.77 | AA25: =IF(Z26="","",IF(Z26=Z25,"",Z26-Z25)) -> 3.53 | AB25: 9587.81 | AC25: =IF(AB26="","",IF(AB26=AB25,"",AB26-AB25)) -> 1.69 | AD25: 9682.43 | AE25: =IF(AD26="","",IF(AD26=AD25,"",AD26-AD25)) -> 1.58 | AF25: =IF(J25="","",J25) -> ME | AG25: 18 | AH25: 45243.35 | AI25: =IF(AH26="","",IF(AH26=AH25,"",AH26-AH25)) -> 11.2 | AJ25: 47378.12 | AK25: =IF(AJ26="","",IF(AJ26=AJ25,"",AJ26-AJ25)) -> 11.85 | AL25: 585.26 | AM25: =IF(AL26="","",IF(AL26=AL25,"",AL26-AL25)) | AN25: 546.34 | AO25: =IF(AN26="","",IF(AN26=AN25,"",AN26-AN25)) | AP25: =IF(J25="","",J25) -> ME | AQ25: 18 | AR25: 6507.15 | AS25: =IF(AR26="","",IF(AR26=AR25,"",AR26-AR25)) | AT25: 7186.92 | AU25: =IF(AT26="","",IF(AT26=AT25,"",AT26-AT25)) -> 3.58 | AV25: 247.57 | AW25: =IF(AV26="","",IF(AV26=AV25,"",AV26-AV25)) -> 0.34 | AX25: 235.7 | AY25: =IF(AX26="","",IF(AX26=AX25,"",AX26-AX25)) | AZ25: =IF(J25="","",J25) -> ME | BA25: 18 | BB25: 0.722 | BC25: 10 | BD25: 7.3 | BE25: 2.7 | BF25: 14.9 | BG25: 7.3 | BH25: 0.211 | BI25: 0.205 | BJ25: 0.048 | BK25: 0.058 | BL25: 0.054 | BM25: 0.061 | BN25: =IF(J25="","",J25) -> ME | BO25: 18 | BP25: 0.077 | BQ25: 0 | BR25: 7.3 | BS25: 7.2 | BT25: 17.9 | BU25: 0.012 | BV25: 1.23 | BW25: 1.1 | BX25: 0620 | BY25: 60 Livengood | BZ25: =IF(J25="","",J25) -> ME | CA25: 18 | CB25: 86.3 | CD25: =IF(CB26="","",IF(CC25="",IF(CB25=CB26,"",(CB25-CB26)),IF(CC25=CB26,"",(CC25-CB26)))) -> 1.3 | CE25: =IF(CD25="","",(CD25*(0.785*77*77)/1000)) -> 6.0505445 | CF25: =IF(CE25="","",(CE25*0.12*1000)/I25) -> 5.9029702 | CG25: 68 | CH25: 100 | CI25: =IF(J25="","",J25) -> ME | CJ25: 18 | CK25: 88.6 | CM25: =IF(CK26="","",IF(CL25="",IF(CK25=CK26,"",(CK25-CK26)),IF(CL25=CK26,"",(CL25-CK26)))) -> 2.2 | CN25: =IF(CM25="","",(CM25*(0.785*77*77)/1000)) -> 10.239383 | CO25: =IF(CN25="","",(CN25*0.33*1.205*1000)/C25) -> 22.009139 | CP25: 53 | CQ25: 83 | CR25: =IF(J25="","",J25) -> ME | CS25: 18 | CT25: 104.1 | CV25: =IF(CT26="","",IF(CU25="",IF(CT25=CT26,"",(CT25-CT26)),IF(CU25=CT26,"",(CU25-CT26)))) -> 2.1 | CW25: =IF(CV25="","",(CV25*(0.785*92*92)/1000)) -> 13.952904 | CX25: =IF(CW25="","",(CW25)/C25) -> 0.075421103 | CY25: 15/15 | CZ25: 100/100 | DB25: =IF(J25="","",J25) -> ME | DC25: 18 | DD25: 99.5 | DF25: =IF(DD26="","",IF(DE25="",IF(DD25=DD26,"",(DD25-DD26)),IF(DE25=DD26,"",(DE25-DD26)))) -> 16 | DG25: =IF(DF25="","",(DF25*(0.785*92*92)*0.00812/1000)) -> 0.86321966 | DH25: =IF(DG25="","",(DG25*1000)/C25) -> 4.6660522 | DI25: 87 | DJ25: 54 | DK25: =IF(J25="","",J25) -> ME | DL25: 18 | DM25: 8.74 | DN25: 0.022 | DO25: 0.028 | DP25: 0.053 | DQ25: 6.85 | DR25: 7.2 | DS25: 1.21 | DT25: 85.3 | DU25: 4.16 | DV25: 0.694 | DW25: 0.429 | DX25: N | DY25: =IF(J25="","",J25) -> ME | DZ25: 18 | EA25: =IF(C25="","",C25/1496) -> 0.1236631 | EB25: =IF(F25="","",IF(Q25="",F25/1360,(F25+Q25)/1360)) -> 0.10441176 | EC25: =IF(I25="","",IF(C25="","",I25/C25)) -> 0.66486486 | ED25: 1.16 | EE25: 1.22 | EF25: 0.03 | EG25: 0.05 | EH25: =IF(J25="","",J25) -> ME | EI25: 18 | EQ25: =IF(J25="","",J25) -> ME
A26: 19 | B26: 862677 | C26: =IF(B27="","",IF(B27=B26,"",(B27-B26))) -> 127 | D26: 9.96 | E26: 767042 | F26: =IF(E27="","",IF(E27=E26,"",(E27-E26))) -> 142 | G26: 0.85 | H26: 730400 | I26: =IF(H27="","",IF(H27=H26,"",(H27-H26))) -> 99 | J26: ME | K26: 19 | L26: 67599 | M26: =IF(L27="","",IF(L27=L26,"",(L27-L26))) -> 8 | N26: 170555 | O26: =IF(N27="","",IF(N27=N26,"",(N27-N26))) -> 50 | P26: 194713 | Q26: =IF(P27="","",IF(P27=P26,"",(P27-P26))) | R26: 653 | S26: 662 | T26: 136 | U26: 133 | V26: =IF(J26="","",J26) -> ME | W26: 19 | X26: 11350.36 | Y26: =IF(X27="","",IF(X27=X26,"",X27-X26)) -> 1.57 | Z26: 12114.3 | AA26: =IF(Z27="","",IF(Z27=Z26,"",Z27-Z26)) -> 2.15 | AB26: 9589.5 | AC26: =IF(AB27="","",IF(AB27=AB26,"",AB27-AB26)) -> 1.65 | AD26: 9684.01 | AE26: =IF(AD27="","",IF(AD27=AD26,"",AD27-AD26)) -> 1.01 | AF26: =IF(J26="","",J26) -> ME | AG26: 19 | AH26: 45254.55 | AI26: =IF(AH27="","",IF(AH27=AH26,"",AH27-AH26)) -> 10.73 | AJ26: 47389.97 | AK26: =IF(AJ27="","",IF(AJ27=AJ26,"",AJ27-AJ26)) -> 12.15 | AL26: 585.26 | AM26: =IF(AL27="","",IF(AL27=AL26,"",AL27-AL26)) | AN26: 546.34 | AO26: =IF(AN27="","",IF(AN27=AN26,"",AN27-AN26)) | AP26: =IF(J26="","",J26) -> ME | AQ26: 19 | AR26: 6507.15 | AS26: =IF(AR27="","",IF(AR27=AR26,"",AR27-AR26)) -> 0.44 | AT26: 7190.5 | AU26: =IF(AT27="","",IF(AT27=AT26,"",AT27-AT26)) -> 4.27 | AV26: 247.91 | AW26: =IF(AV27="","",IF(AV27=AV26,"",AV27-AV26)) | AX26: 235.7 | AY26: =IF(AX27="","",IF(AX27=AX26,"",AX27-AX26)) -> 0.09 | AZ26: =IF(J26="","",J26) -> ME | BA26: 19 | BB26: 0.701 | BC26: 48 | BD26: 7.2 | BE26: 2.8 | BF26: 14.5 | BG26: 7.2 | BH26: 0.269 | BI26: 0.241 | BJ26: 0.051 | BK26: 0.055 | BL26: 0.048 | BM26: 0.052 | BN26: =IF(J26="","",J26) -> ME | BO26: 19 | BP26: 0.076 | BQ26: 0 | BR26: 7.2 | BS26: 7.2 | BT26: 18.8 | BU26: 0.014 | BV26: 1.21 | BW26: 1.05 | BX26: 0620 | BY26: 60 Livengood | BZ26: =IF(J26="","",J26) -> ME | CA26: 19 | CB26: 85 | CD26: =IF(CB27="","",IF(CC26="",IF(CB26=CB27,"",(CB26-CB27)),IF(CC26=CB27,"",(CC26-CB27)))) -> 0.8 | CE26: =IF(CD26="","",(CD26*(0.785*77*77)/1000)) -> 3.723412 | CF26: =IF(CE26="","",(CE26*0.12*1000)/I26) -> 4.5132267 | CG26: 70 | CH26: 100 | CI26: =IF(J26="","",J26) -> ME | CJ26: 19 | CK26: 86.4 | CM26: =IF(CK27="","",IF(CL26="",IF(CK26=CK27,"",(CK26-CK27)),IF(CL26=CK27,"",(CL26-CK27)))) -> 1.6 | CN26: =IF(CM26="","",(CM26*(0.785*77*77)/1000)) -> 7.446824 | CO26: =IF(CN26="","",(CN26*0.33*1.205*1000)/C26) -> 23.316768 | CP26: 56 | CQ26: 83 | CR26: =IF(J26="","",J26) -> ME | CS26: 19 | CT26: 102 | CV26: =IF(CT27="","",IF(CU26="",IF(CT26=CT27,"",(CT26-CT27)),IF(CU26=CT27,"",(CU26-CT27)))) -> 1.2 | CW26: =IF(CV26="","",(CV26*(0.785*92*92)/1000)) -> 7.973088 | CX26: =IF(CW26="","",(CW26)/C26) -> 0.06278022 | CY26: 17/17 | CZ26: 100/100 | DB26: =IF(J26="","",J26) -> ME | DC26: 19 | DD26: 83.5 | DE26: 102.9 | DF26: =IF(DD27="","",IF(DE26="",IF(DD26=DD27,"",(DD26-DD27)),IF(DE26=DD27,"",(DE26-DD27)))) -> 11.5 | DG26: =IF(DF26="","",(DF26*(0.785*92*92)*0.00812/1000)) -> 0.62043913 | DH26: =IF(DG26="","",(DG26*1000)/C26) -> 4.8853475 | DI26: 92 | DJ26: 54 | DK26: =IF(J26="","",J26) -> ME | DL26: 19 | DM26: 8.79 | DN26: 0.023 | DO26: 0.027 | DP26: 0.052 | DQ26: 6.85 | DR26: 7.2 | DS26: 1.211 | DT26: 86.8 | DU26: 4.2 | DV26: 1.505 | DW26: 0.313 | DX26: Y | DY26: =IF(J26="","",J26) -> ME | DZ26: 19 | EA26: =IF(C26="","",C26/1496) -> 0.084893048 | EB26: =IF(F26="","",IF(Q26="",F26/1360,(F26+Q26)/1360)) -> 0.10441176 | EC26: =IF(I26="","",IF(C26="","",I26/C26)) -> 0.77952756 | ED26: 1.18 | EE26: 1.22 | EF26: 0.03 | EG26: 0.05 | EH26: =IF(J26="","",J26) -> ME | EI26: 19 | EQ26: =IF(J26="","",J26) -> ME
A27: 20 | B27: 862804 | C27: =IF(B28="","",IF(B28=B27,"",(B28-B27))) -> 174 | D27: 9.21 | E27: 767184 | F27: =IF(E28="","",IF(E28=E27,"",(E28-E27))) -> 161 | G27: 1.01 | H27: 730499 | I27: =IF(H28="","",IF(H28=H27,"",(H28-H27))) -> 151 | J27: ME | K27: 20 | L27: 67607 | M27: =IF(L28="","",IF(L28=L27,"",(L28-L27))) | N27: 170605 | O27: =IF(N28="","",IF(N28=N27,"",(N28-N27))) -> 35 | P27: 194713 | Q27: =IF(P28="","",IF(P28=P27,"",(P28-P27))) | R27: 654 | S27: 662 | T27: 136 | U27: 134 | V27: =IF(J27="","",J27) -> ME | W27: 20 | X27: 11351.93 | Y27: =IF(X28="","",IF(X28=X27,"",X28-X27)) -> 2.16 | Z27: 12116.45 | AA27: =IF(Z28="","",IF(Z28=Z27,"",Z28-Z27)) -> 2.89 | AB27: 9591.15 | AC27: =IF(AB28="","",IF(AB28=AB27,"",AB28-AB27)) -> 2.32 | AD27: 9685.02 | AE27: =IF(AD28="","",IF(AD28=AD27,"",AD28-AD27)) -> 1.69 | AF27: =IF(J27="","",J27) -> ME | AG27: 20 | AH27: 45265.28 | AI27: =IF(AH28="","",IF(AH28=AH27,"",AH28-AH27)) -> 13.27 | AJ27: 47402.12 | AK27: =IF(AJ28="","",IF(AJ28=AJ27,"",AJ28-AJ27)) -> 12.1 | AL27: 585.26 | AM27: =IF(AL28="","",IF(AL28=AL27,"",AL28-AL27)) | AN27: 546.34 | AO27: =IF(AN28="","",IF(AN28=AN27,"",AN28-AN27)) | AP27: =IF(J27="","",J27) -> ME | AQ27: 20 | AR27: 6507.59 | AS27: =IF(AR28="","",IF(AR28=AR27,"",AR28-AR27)) -> 0.28 | AT27: 7194.77 | AU27: =IF(AT28="","",IF(AT28=AT27,"",AT28-AT27)) -> 3.9 | AV27: 247.91 | AW27: =IF(AV28="","",IF(AV28=AV27,"",AV28-AV27)) | AX27: 235.79 | AY27: =IF(AX28="","",IF(AX28=AX27,"",AX28-AX27)) | AZ27: =IF(J27="","",J27) -> ME | BA27: 20 | BB27: 0.648 | BC27: 23 | BD27: 7.2 | BE27: 2.9 | BF27: 13.5 | BG27: 7.2 | BH27: 0.212 | BI27: 0.241 | BJ27: 0.047 | BK27: 0.067 | BL27: 0.045 | BM27: 0.054 | BN27: =IF(J27="","",J27) -> ME | BO27: 20 | BP27: 0.078 | BQ27: 0 | BR27: 7.2 | BS27: 7.3 | BT27: 17.3 | BU27: 0.01 | BV27: 1.19 | BW27: 0.98 | BX27: 0620 | BY27: 60 Livengood | BZ27: =IF(J27="","",J27) -> ME | CA27: 20 | CB27: 84.2 | CC27: 93.6 | CD27: =IF(CB28="","",IF(CC27="",IF(CB27=CB28,"",(CB27-CB28)),IF(CC27=CB28,"",(CC27-CB28)))) -> 1.2 | CE27: =IF(CD27="","",(CD27*(0.785*77*77)/1000)) -> 5.585118 | CF27: =IF(CE27="","",(CE27*0.12*1000)/I27) -> 4.4385044 | CG27: 70 | CH27: 100 | CI27: =IF(J27="","",J27) -> ME | CJ27: 20 | CK27: 84.8 | CL27: 97 | CM27: =IF(CK28="","",IF(CL27="",IF(CK27=CK28,"",(CK27-CK28)),IF(CL27=CK28,"",(CL27-CK28)))) -> 2.2 | CN27: =IF(CM27="","",(CM27*(0.785*77*77)/1000)) -> 10.239383 | CO27: =IF(CN27="","",(CN27*0.33*1.205*1000)/C27) -> 23.400521 | CP27: 52 | CQ27: 83 | CR27: =IF(J27="","",J27) -> ME | CS27: 20 | CT27: 100.8 | CV27: =IF(CT28="","",IF(CU27="",IF(CT27=CT28,"",(CT27-CT28)),IF(CU27=CT28,"",(CU27-CT28)))) -> 1.9 | CW27: =IF(CV27="","",(CV27*(0.785*92*92)/1000)) -> 12.624056 | CX27: =IF(CW27="","",(CW27)/C27) -> 0.072552046 | CY27: 15/15 | CZ27: 100/100 | DB27: =IF(J27="","",J27) -> ME | DC27: 20 | DD27: 91.4 | DE27: 103.9 | DF27: =IF(DD28="","",IF(DE27="",IF(DD27=DD28,"",(DD27-DD28)),IF(DE27=DD28,"",(DE27-DD28)))) -> 14.5 | DG27: =IF(DF27="","",(DF27*(0.785*92*92)*0.00812/1000)) -> 0.78229282 | DH27: =IF(DG27="","",(DG27*1000)/C27) -> 4.4959357 | DI27: 86 | DJ27: 54 | DK27: =IF(J27="","",J27) -> ME | DL27: 20 | DM27: 7.81 | DN27: 0.024 | DO27: 0.026 | DP27: 0.056 | DQ27: 6.85 | DR27: 7.3 | DS27: 1.216 | DT27: 86 | DU27: 4.16 | DV27: 0.931 | DW27: 0.037 | DX27: Y | DY27: =IF(J27="","",J27) -> ME | DZ27: 20 | EA27: =IF(C27="","",C27/1496) -> 0.11631016 | EB27: =IF(F27="","",IF(Q27="",F27/1360,(F27+Q27)/1360)) -> 0.11838235 | EC27: =IF(I27="","",IF(C27="","",I27/C27)) -> 0.86781609 | ED27: 1.15 | EE27: 1.23 | EF27: 0.03 | EG27: 0.04 | EH27: =IF(J27="","",J27) -> ME | EI27: 20 | EJ27: Pump ww tank (ME) | EQ27: =IF(J27="","",J27) -> ME
A28: 21 | B28: 862978 | C28: =IF(B29="","",IF(B29=B28,"",(B29-B28))) -> 140 | D28: 9.93 | E28: 767345 | F28: =IF(E29="","",IF(E29=E28,"",(E29-E28))) -> 137 | G28: 2.41 | H28: 730650 | I28: =IF(H29="","",IF(H29=H28,"",(H29-H28))) -> 118 | J28: ME | K28: 21 | L28: 67607 | M28: =IF(L29="","",IF(L29=L28,"",(L29-L28))) | N28: 170640 | O28: =IF(N29="","",IF(N29=N28,"",(N29-N28))) -> 28 | P28: 194713 | Q28: =IF(P29="","",IF(P29=P28,"",(P29-P28))) | R28: 654 | S28: 662 | T28: 136 | U28: 134 | V28: =IF(J28="","",J28) -> ME | W28: 21 | X28: 11354.09 | Y28: =IF(X29="","",IF(X29=X28,"",X29-X28)) -> 2.12 | Z28: 12119.34 | AA28: =IF(Z29="","",IF(Z29=Z28,"",Z29-Z28)) -> 1.96 | AB28: 9593.47 | AC28: =IF(AB29="","",IF(AB29=AB28,"",AB29-AB28)) -> 1.5 | AD28: 9686.71 | AE28: =IF(AD29="","",IF(AD29=AD28,"",AD29-AD28)) -> 1.65 | AF28: =IF(J28="","",J28) -> ME | AG28: 21 | AH28: 45278.55 | AI28: =IF(AH29="","",IF(AH29=AH28,"",AH29-AH28)) -> 10.11 | AJ28: 47414.22 | AK28: =IF(AJ29="","",IF(AJ29=AJ28,"",AJ29-AJ28)) -> 11.91 | AL28: 585.26 | AM28: =IF(AL29="","",IF(AL29=AL28,"",AL29-AL28)) | AN28: 546.34 | AO28: =IF(AN29="","",IF(AN29=AN28,"",AN29-AN28)) | AP28: =IF(J28="","",J28) -> ME | AQ28: 21 | AR28: 6507.87 | AS28: =IF(AR29="","",IF(AR29=AR28,"",AR29-AR28)) | AT28: 7198.67 | AU28: =IF(AT29="","",IF(AT29=AT28,"",AT29-AT28)) -> 2.85 | AV28: 247.91 | AW28: =IF(AV29="","",IF(AV29=AV28,"",AV29-AV28)) | AX28: 235.79 | AY28: =IF(AX29="","",IF(AX29=AX28,"",AX29-AX28)) | AZ28: =IF(J28="","",J28) -> ME | BA28: 21 | BB28: 0.621 | BC28: 28 | BD28: 7.2 | BE28: 2.9 | BF28: 13 | BG28: 7.2 | BH28: 0.223 | BI28: 0.226 | BJ28: 0.05 | BK28: 0.048 | BL28: 0.048 | BM28: 0.053 | BN28: =IF(J28="","",J28) -> ME | BO28: 21 | BP28: 0.077 | BQ28: 0 | BR28: 7.1 | BS28: 7.2 | BT28: 18.2 | BU28: 0.01 | BV28: 1.22 | BW28: 1.13 | BX28: 0620 | BY28: 60 Livengood | BZ28: =IF(J28="","",J28) -> ME | CA28: 21 | CB28: 92.4 | CD28: =IF(CB29="","",IF(CC28="",IF(CB28=CB29,"",(CB28-CB29)),IF(CC28=CB29,"",(CC28-CB29)))) -> 1.4 | CE28: =IF(CD28="","",(CD28*(0.785*77*77)/1000)) -> 6.515971 | CF28: =IF(CE28="","",(CE28*0.12*1000)/I28) -> 6.6264112 | CG28: 73 | CH28: 100 | CI28: =IF(J28="","",J28) -> ME | CJ28: 21 | CK28: 94.8 | CM28: =IF(CK29="","",IF(CL28="",IF(CK28=CK29,"",(CK28-CK29)),IF(CL28=CK29,"",(CL28-CK29)))) -> 1.8 | CN28: =IF(CM28="","",(CM28*(0.785*77*77)/1000)) -> 8.377677 | CO28: =IF(CN28="","",(CN28*0.33*1.205*1000)/C28) -> 23.795595 | CP28: 55 | CQ28: 83 | CR28: =IF(J28="","",J28) -> ME | CS28: 21 | CT28: 98.9 | CV28: =IF(CT29="","",IF(CU28="",IF(CT28=CT29,"",(CT28-CT29)),IF(CU28=CT29,"",(CU28-CT29)))) -> 1.5 | CW28: =IF(CV28="","",(CV28*(0.785*92*92)/1000)) -> 9.96636 | CX28: =IF(CW28="","",(CW28)/C28) -> 0.071188286 | CY28: 17/17 | CZ28: 100/100 | DB28: =IF(J28="","",J28) -> ME | DC28: 21 | DD28: 89.4 | DE28: 103.8 | DF28: =IF(DD29="","",IF(DE28="",IF(DD28=DD29,"",(DD28-DD29)),IF(DE28=DD29,"",(DE28-DD29)))) -> 11.9 | DG28: =IF(DF28="","",(DF28*(0.785*92*92)*0.00812/1000)) -> 0.64201962 | DH28: =IF(DG28="","",(DG28*1000)/C28) -> 4.5858544 | DI28: 93 | DJ28: 54 | DK28: =IF(J28="","",J28) -> ME | DL28: 21 | DM28: 8.6 | DN28: 0.023 | DO28: 0.027 | DP28: 0.054 | DQ28: 6.84 | DR28: 7.2 | DS28: 1.235 | DT28: 86.5 | DU28: 4.23 | DV28: 0.705 | DW28: 1.99 | DX28: N | DY28: =IF(J28="","",J28) -> ME | DZ28: 21 | EA28: =IF(C28="","",C28/1496) -> 0.093582888 | EB28: =IF(F28="","",IF(Q28="",F28/1360,(F28+Q28)/1360)) -> 0.10073529 | EC28: =IF(I28="","",IF(C28="","",I28/C28)) -> 0.84285714 | ED28: 1.19 | EE28: 1.24 | EF28: 0.03 | EG28: 0.06 | EH28: =IF(J28="","",J28) -> ME | EI28: 21 | EQ28: =IF(J28="","",J28) -> ME
A29: 22 | B29: 863118 | C29: =IF(B30="","",IF(B30=B29,"",(B30-B29))) -> 295 | D29: 9.8 | E29: 767482 | F29: =IF(E30="","",IF(E30=E29,"",(E30-E29))) -> 234 | G29: 1.57 | H29: 730768 | I29: =IF(H30="","",IF(H30=H29,"",(H30-H29))) -> 218 | J29: SA/ME | K29: 22 | L29: 67607 | M29: =IF(L30="","",IF(L30=L29,"",(L30-L29))) -> 40 | N29: 170668 | O29: =IF(N30="","",IF(N30=N29,"",(N30-N29))) -> 77 | P29: 194713 | Q29: =IF(P30="","",IF(P30=P29,"",(P30-P29))) | R29: 654 | S29: 662 | T29: 136 | U29: 134 | V29: =IF(J29="","",J29) -> SA/ME | W29: 22 | X29: 11356.21 | Y29: =IF(X30="","",IF(X30=X29,"",X30-X29)) -> 4.59 | Z29: 12121.3 | AA29: =IF(Z30="","",IF(Z30=Z29,"",Z30-Z29)) -> 4.17 | AB29: 9594.97 | AC29: =IF(AB30="","",IF(AB30=AB29,"",AB30-AB29)) -> 2.11 | AD29: 9688.36 | AE29: =IF(AD30="","",IF(AD30=AD29,"",AD30-AD29)) -> 3.69 | AF29: =IF(J29="","",J29) -> SA/ME | AG29: 22 | AH29: 45288.66 | AI29: =IF(AH30="","",IF(AH30=AH29,"",AH30-AH29)) -> 13.9 | AJ29: 47426.13 | AK29: =IF(AJ30="","",IF(AJ30=AJ29,"",AJ30-AJ29)) -> 16.26 | AL29: 585.26 | AM29: =IF(AL30="","",IF(AL30=AL29,"",AL30-AL29)) | AN29: 546.34 | AO29: =IF(AN30="","",IF(AN30=AN29,"",AN30-AN29)) | AP29: =IF(J29="","",J29) -> SA/ME | AQ29: 22 | AR29: 6507.87 | AS29: =IF(AR30="","",IF(AR30=AR29,"",AR30-AR29)) | AT29: 7201.52 | AU29: =IF(AT30="","",IF(AT30=AT29,"",AT30-AT29)) -> 7.95 | AV29: 247.91 | AW29: =IF(AV30="","",IF(AV30=AV29,"",AV30-AV29)) -> 0.34 | AX29: 235.79 | AY29: =IF(AX30="","",IF(AX30=AX29,"",AX30-AX29)) | AZ29: =IF(J29="","",J29) -> SA/ME | BA29: 22 | BB29: 0.606 | BC29: 29 | BD29: 7.3 | BE29: 3 | BF29: 13.8 | BG29: 7.3 | BH29: 0.24 | BI29: 0.234 | BJ29: 0.055 | BK29: 0.062 | BL29: 0.048 | BM29: 0.057 | BN29: =IF(J29="","",J29) -> SA/ME | BO29: 22 | BP29: 0.08 | BQ29: 0 | BR29: 7.2 | BS29: 7.2 | BT29: 18.5 | BU29: 0.007 | BV29: 1.2 | BW29: 1.1 | BX29: 0845 | BY29: 32 Willow St | BZ29: =IF(J29="","",J29) -> SA/ME | CA29: 22 | CB29: 91 | CD29: =IF(CB30="","",IF(CC29="",IF(CB29=CB30,"",(CB29-CB30)),IF(CC29=CB30,"",(CC29-CB30)))) -> 2.1 | CE29: =IF(CD29="","",(CD29*(0.785*77*77)/1000)) -> 9.7739565 | CF29: =IF(CE29="","",(CE29*0.12*1000)/I29) -> 5.3801595 | CG29: 73 | CH29: 100 | CI29: =IF(J29="","",J29) -> SA/ME | CJ29: 22 | CK29: 93 | CM29: =IF(CK30="","",IF(CL29="",IF(CK29=CK30,"",(CK29-CK30)),IF(CL29=CK30,"",(CL29-CK30)))) -> 3.6 | CN29: =IF(CM29="","",(CM29*(0.785*77*77)/1000)) -> 16.755354 | CO29: =IF(CN29="","",(CN29*0.33*1.205*1000)/C29) -> 22.585649 | CP29: 55 | CQ29: 83 | CR29: =IF(J29="","",J29) -> SA/ME | CS29: 22 | CT29: 97.4 | CV29: =IF(CT30="","",IF(CU29="",IF(CT29=CT30,"",(CT29-CT30)),IF(CU29=CT30,"",(CU29-CT30)))) -> 5.2 | CW29: =IF(CV29="","",(CV29*(0.785*92*92)/1000)) -> 34.550048 | CX29: =IF(CW29="","",(CW29)/C29) -> 0.11711881 | CY29: 17/17 | CZ29: 100/100 | DA29: Y | DB29: =IF(J29="","",J29) -> SA/ME | DC29: 22 | DD29: 91.9 | DE29: 106.3 | DF29: =IF(DD30="","",IF(DE29="",IF(DD29=DD30,"",(DD29-DD30)),IF(DE29=DD30,"",(DE29-DD30)))) -> 21.4 | DG29: =IF(DF29="","",(DF29*(0.785*92*92)*0.00812/1000)) -> 1.1545563 | DH29: =IF(DG29="","",(DG29*1000)/C29) -> 3.9137502 | DI29: 93 | DJ29: 54 | DK29: =IF(J29="","",J29) -> SA/ME | DL29: 22 | DM29: 8.9 | DN29: 0.022 | DO29: 0.028 | DP29: 0.053 | DQ29: 6.84 | DR29: 7.3 | DS29: 1.233 | DT29: 85.2 | DU29: 4.26 | DV29: 0.669 | DW29: 0.443 | DX29: Y | DY29: =IF(J29="","",J29) -> SA/ME | DZ29: 22 | EA29: =IF(C29="","",C29/1496) -> 0.19719251 | EB29: =IF(F29="","",IF(Q29="",F29/1360,(F29+Q29)/1360)) -> 0.17205882 | EC29: =IF(I29="","",IF(C29="","",I29/C29)) -> 0.73898305 | ED29: 1.17 | EE29: 1.25 | EF29: 0.03 | EG29: 0.04 | EH29: =IF(J29="","",J29) -> SA/ME | EI29: 22 | EQ29: .
A30: 23 | B30: 863413 | C30: =IF(B31="","",IF(B31=B30,"",(B31-B30))) -> 74 | D30: 9.9 | E30: 767716 | F30: =IF(E31="","",IF(E31=E30,"",(E31-E30))) -> 121 | G30: 0.99 | H30: 730986 | I30: =IF(H31="","",IF(H31=H30,"",(H31-H30))) -> 62 | J30: SA/ME | K30: 23 | L30: 67647 | M30: =IF(L31="","",IF(L31=L30,"",(L31-L30))) | N30: 170745 | O30: =IF(N31="","",IF(N31=N30,"",(N31-N30))) -> 23 | P30: 194713 | Q30: =IF(P31="","",IF(P31=P30,"",(P31-P30))) | R30: 654 | S30: 663 | T30: 136 | U30: 134 | V30: =IF(J30="","",J30) -> SA/ME | W30: 23 | X30: 11360.8 | Y30: =IF(X31="","",IF(X31=X30,"",X31-X30)) | Z30: 12125.47 | AA30: =IF(Z31="","",IF(Z31=Z30,"",Z31-Z30)) -> 2.15 | AB30: 9597.08 | AC30: =IF(AB31="","",IF(AB31=AB30,"",AB31-AB30)) -> 1.66 | AD30: 9692.05 | AE30: =IF(AD31="","",IF(AD31=AD30,"",AD31-AD30)) | AF30: =IF(J30="","",J30) -> SA/ME | AG30: 23 | AH30: 45302.56 | AI30: =IF(AH31="","",IF(AH31=AH30,"",AH31-AH30)) -> 12.34 | AJ30: 47442.39 | AK30: =IF(AJ31="","",IF(AJ31=AJ30,"",AJ31-AJ30)) -> 7.74 | AL30: 585.26 | AM30: =IF(AL31="","",IF(AL31=AL30,"",AL31-AL30)) | AN30: 546.34 | AO30: =IF(AN31="","",IF(AN31=AN30,"",AN31-AN30)) | AP30: SA/ME | AQ30: 23 | AR30: 6507.87 | AS30: =IF(AR31="","",IF(AR31=AR30,"",AR31-AR30)) | AT30: 7209.47 | AU30: =IF(AT31="","",IF(AT31=AT30,"",AT31-AT30)) -> 2.35 | AV30: 248.25 | AW30: =IF(AV31="","",IF(AV31=AV30,"",AV31-AV30)) | AX30: 235.79 | AY30: =IF(AX31="","",IF(AX31=AX30,"",AX31-AX30)) | AZ30: =IF(J30="","",J30) -> SA/ME | BA30: 23 | BN30: =IF(J30="","",J30) -> SA/ME | BO30: 23 | BP30: 0.074 | BQ30: 0 | BR30: 7.3 | BS30: 7.1 | BT30: 14.8 | BU30: 0.011 | BV30: 1.25 | BW30: 1.18 | BX30: 1540 | BY30: 32 Willow St | BZ30: =IF(J30="","",J30) -> SA/ME | CA30: 23 | CB30: 88.9 | CD30: =IF(CB31="","",IF(CC30="",IF(CB30=CB31,"",(CB30-CB31)),IF(CC30=CB31,"",(CC30-CB31)))) -> 0.5 | CE30: =IF(CD30="","",(CD30*(0.785*77*77)/1000)) -> 2.3271325 | CF30: =IF(CE30="","",(CE30*0.12*1000)/I30) -> 4.5041274 | CG30: 73 | CH30: 100 | CI30: =IF(J30="","",J30) -> SA/ME | CJ30: 23 | CK30: 89.4 | CM30: =IF(CK31="","",IF(CL30="",IF(CK30=CK31,"",(CK30-CK31)),IF(CL30=CK31,"",(CL30-CK31)))) -> 0.9 | CN30: =IF(CM30="","",(CM30*(0.785*77*77)/1000)) -> 4.1888385 | CO30: =IF(CN30="","",(CN30*0.33*1.205*1000)/C30) -> 22.509346 | CP30: 55 | CQ30: 83 | CR30: =IF(J30="","",J30) -> SA/ME | CS30: 23 | CT30: 92.2 | CV30: =IF(CT31="","",IF(CU30="",IF(CT30=CT31,"",(CT30-CT31)),IF(CU30=CT31,"",(CU30-CT31)))) -> 0.8 | CW30: =IF(CV30="","",(CV30*(0.785*92*92)/1000)) -> 5.315392 | CX30: =IF(CW30="","",(CW30)/C30) -> 0.071829622 | CY30: 17/17 | CZ30: 100/100 | DB30: =IF(J30="","",J30) -> SA/ME | DC30: 23 | DD30: 84.9 | DE30: 104.8 | DF30: =IF(DD31="","",IF(DE30="",IF(DD30=DD31,"",(DD30-DD31)),IF(DE30=DD31,"",(DE30-DD31)))) -> 2.9 | DG30: =IF(DF30="","",(DF30*(0.785*92*92)*0.00812/1000)) -> 0.15645856 | DH30: =IF(DG30="","",(DG30*1000)/C30) -> 2.1143049 | DI30: 93 | DJ30: 54 | DK30: =IF(J30="","",J30) -> SA/ME | DL30: 23 | DM30: 8.78 | DN30: 0.012 | DO30: 0.029 | DP30: 0.048 | DQ30: 6.82 | DR30: 7.1 | DS30: 1.257 | DT30: 85.5 | DU30: 4.36 | DV30: 0.715 | DW30: 0.81 | DX30: N | DY30: =IF(J30="","",J30) -> SA/ME | DZ30: 23 | EA30: =IF(C30="","",C30/1496) -> 0.049465241 | EB30: =IF(F30="","",IF(Q30="",F30/1360,(F30+Q30)/1360)) -> 0.088970588 | EC30: =IF(I30="","",IF(C30="","",I30/C30)) -> 0.83783784 | ED30: 1.19 | EE30: 1.24 | EF30: 0.03 | EG30: 0.05 | EH30: =IF(J30="","",J30) -> SA/ME | EI30: 23 | EQ30: =IF(J30="","",J30) -> SA/ME
A31: 24 | B31: 863487 | C31: =IF(B32="","",IF(B32=B31,"",(B32-B31))) -> 160 | D31: 9.86 | E31: 767837 | F31: =IF(E32="","",IF(E32=E31,"",(E32-E31))) -> 209 | G31: 1.23 | H31: 731048 | I31: =IF(H32="","",IF(H32=H31,"",(H32-H31))) -> 138 | J31: SA/ME | K31: 24 | L31: 67647 | M31: =IF(L32="","",IF(L32=L31,"",(L32-L31))) | N31: 170768 | O31: =IF(N32="","",IF(N32=N31,"",(N32-N31))) -> 28 | P31: 194713 | Q31: =IF(P32="","",IF(P32=P31,"",(P32-P31))) | R31: 654 | S31: 663 | T31: 136 | U31: 134 | V31: =IF(J31="","",J31) -> SA/ME | W31: 24 | X31: 11360.8 | Y31: =IF(X32="","",IF(X32=X31,"",X32-X31)) -> 2.3 | Z31: 12127.62 | AA31: =IF(Z32="","",IF(Z32=Z31,"",Z32-Z31)) -> 2.35 | AB31: 9598.74 | AC31: =IF(AB32="","",IF(AB32=AB31,"",AB32-AB31)) -> 1.85 | AD31: 9692.05 | AE31: =IF(AD32="","",IF(AD32=AD31,"",AD32-AD31)) -> 1.83 | AF31: =IF(J31="","",J31) -> SA/ME | AG31: 24 | AH31: 45314.9 | AI31: =IF(AH32="","",IF(AH32=AH31,"",AH32-AH31)) -> 11.67 | AJ31: 47450.13 | AK31: =IF(AJ32="","",IF(AJ32=AJ31,"",AJ32-AJ31)) -> 12.63 | AL31: 585.26 | AM31: =IF(AL32="","",IF(AL32=AL31,"",AL32-AL31)) | AN31: 546.34 | AO31: =IF(AN32="","",IF(AN32=AN31,"",AN32-AN31)) | AP31: =IF(J31="","",J31) -> SA/ME | AQ31: 24 | AR31: 6507.87 | AS31: =IF(AR32="","",IF(AR32=AR31,"",AR32-AR31)) | AT31: 7211.82 | AU31: =IF(AT32="","",IF(AT32=AT31,"",AT32-AT31)) -> 3.01 | AV31: 248.25 | AW31: =IF(AV32="","",IF(AV32=AV31,"",AV32-AV31)) | AX31: 235.79 | AY31: =IF(AX32="","",IF(AX32=AX31,"",AX32-AX31)) | AZ31: =IF(J31="","",J31) -> SA/ME | BA31: 24 | BN31: =IF(J31="","",J31) -> SA/ME | BO31: 24 | BP31: 0.072 | BQ31: 0 | BR31: 7.3 | BS31: 7.2 | BT31: 16.7 | BU31: 0.01 | BV31: 1.23 | BW31: 1.12 | BX31: 1145 | BY31: 32 Willow St | BZ31: =IF(J31="","",J31) -> SA/ME | CA31: 24 | CB31: 88.4 | CD31: =IF(CB32="","",IF(CC31="",IF(CB31=CB32,"",(CB31-CB32)),IF(CC31=CB32,"",(CC31-CB32)))) -> 1.1 | CE31: =IF(CD31="","",(CD31*(0.785*77*77)/1000)) -> 5.1196915 | CF31: =IF(CE31="","",(CE31*0.12*1000)/I31) -> 4.4519057 | CG31: 73 | CH31: 100 | CI31: =IF(J31="","",J31) -> SA/ME | CJ31: 24 | CK31: 88.5 | CM31: =IF(CK32="","",IF(CL31="",IF(CK31=CK32,"",(CK31-CK32)),IF(CL31=CK32,"",(CL31-CK32)))) -> 1.9 | CN31: =IF(CM31="","",(CM31*(0.785*77*77)/1000)) -> 8.8431035 | CO31: =IF(CN31="","",(CN31*0.33*1.205*1000)/C31) -> 21.977876 | CP31: 55 | CQ31: 83 | CR31: =IF(J31="","",J31) -> SA/ME | CS31: 24 | CT31: 91.4 | CV31: =IF(CT32="","",IF(CU31="",IF(CT31=CT32,"",(CT31-CT32)),IF(CU31=CT32,"",(CU31-CT32)))) -> 1.6 | CW31: =IF(CV31="","",(CV31*(0.785*92*92)/1000)) -> 10.630784 | CX31: =IF(CW31="","",(CW31)/C31) -> 0.0664424 | CY31: 17/17 | CZ31: 100/100 | DB31: =IF(J31="","",J31) -> SA/ME | DC31: 24 | DD31: 101.9 | DE31: 105.2 | DF31: =IF(DD32="","",IF(DE31="",IF(DD31=DD32,"",(DD31-DD32)),IF(DE31=DD32,"",(DE31-DD32)))) -> 8.6 | DG31: =IF(DF31="","",(DF31*(0.785*92*92)*0.00812/1000)) -> 0.46398057 | DH31: =IF(DG31="","",(DG31*1000)/C31) -> 2.8998785 | DI31: 93 | DJ31: 54 | DK31: =IF(J31="","",J31) -> SA/ME | DL31: 24 | DM31: 8.65 | DN31: 0.022 | DO31: 0.028 | DP31: 0.05 | DQ31: 6.83 | DR31: 7.2 | DS31: 1.264 | DT31: 84.2 | DU31: 4.25 | DV31: 0.681 | DW31: 0.609 | DX31: Y | DY31: =IF(J31="","",J31) -> SA/ME | DZ31: 24 | EA31: =IF(C31="","",C31/1496) -> 0.10695187 | EB31: =IF(F31="","",IF(Q31="",F31/1360,(F31+Q31)/1360)) -> 0.15367647 | EC31: =IF(I31="","",IF(C31="","",I31/C31)) -> 0.8625 | ED31: 1.2 | EE31: 1.28 | EF31: 0.04 | EG31: 0.05 | EH31: =IF(J31="","",J31) -> SA/ME | EI31: 24 | EQ31: =IF(J31="","",J31) -> SA/ME
A32: 25 | B32: 863647 | C32: =IF(B33="","",IF(B33=B32,"",(B33-B32))) -> 191 | D32: 10.04 | E32: 768046 | F32: =IF(E33="","",IF(E33=E32,"",(E33-E32))) -> 207 | G32: 1.26 | H32: 731186 | I32: =IF(H33="","",IF(H33=H32,"",(H33-H32))) -> 163 | J32: ME | K32: 25 | L32: 67647 | M32: =IF(L33="","",IF(L33=L32,"",(L33-L32))) -> 1 | N32: 170796 | O32: =IF(N33="","",IF(N33=N32,"",(N33-N32))) -> 34 | P32: 194713 | Q32: =IF(P33="","",IF(P33=P32,"",(P33-P32))) | R32: 654 | S32: 663 | T32: 136 | U32: 134 | V32: =IF(J32="","",J32) -> ME | W32: 25 | X32: 11363.1 | Y32: =IF(X33="","",IF(X33=X32,"",X33-X32)) -> 2.86 | Z32: 12129.97 | AA32: =IF(Z33="","",IF(Z33=Z32,"",Z33-Z32)) -> 2.7 | AB32: 9600.59 | AC32: =IF(AB33="","",IF(AB33=AB32,"",AB33-AB32)) -> 2.23 | AD32: 9693.88 | AE32: =IF(AD33="","",IF(AD33=AD32,"",AD33-AD32)) -> 2.11 | AF32: =IF(J32="","",J32) -> ME | AG32: 25 | AH32: 45326.57 | AI32: =IF(AH33="","",IF(AH33=AH32,"",AH33-AH32)) -> 11.51 | AJ32: 47462.76 | AK32: =IF(AJ33="","",IF(AJ33=AJ32,"",AJ33-AJ32)) -> 11.38 | AL32: 585.26 | AM32: =IF(AL33="","",IF(AL33=AL32,"",AL33-AL32)) | AN32: 546.34 | AO32: =IF(AN33="","",IF(AN33=AN32,"",AN33-AN32)) | AP32: =IF(J32="","",J32) -> ME | AQ32: 25 | AR32: 6507.87 | AS32: =IF(AR33="","",IF(AR33=AR32,"",AR33-AR32)) | AT32: 7214.83 | AU32: =IF(AT33="","",IF(AT33=AT32,"",AT33-AT32)) -> 3.9 | AV32: 248.25 | AW32: =IF(AV33="","",IF(AV33=AV32,"",AV33-AV32)) | AX32: 235.79 | AY32: =IF(AX33="","",IF(AX33=AX32,"",AX33-AX32)) | AZ32: =IF(J32="","",J32) -> ME | BA32: 25 | BB32: 0.683 | BC32: 33 | BD32: 7.2 | BE32: 2.9 | BF32: 13 | BG32: 7.2 | BH32: 0.276 | BI32: 0.251 | BJ32: 0.051 | BK32: 0.05 | BL32: 0.049 | BM32: 0.05 | BN32: =IF(J32="","",J32) -> ME | BO32: 25 | BP32: 0.075 | BQ32: 0 | BR32: 7.2 | BS32: 7.1 | BT32: 16.7 | BU32: 0.01 | BV32: 1.32 | BW32: 1.15 | BX32: 0620 | BY32: 60 Livengood | BZ32: =IF(J32="","",J32) -> ME | CA32: 25 | CB32: 87.3 | CD32: =IF(CB33="","",IF(CC32="",IF(CB32=CB33,"",(CB32-CB33)),IF(CC32=CB33,"",(CC32-CB33)))) -> 1.5 | CE32: =IF(CD32="","",(CD32*(0.785*77*77)/1000)) -> 6.9813975 | CF32: =IF(CE32="","",(CE32*0.12*1000)/I32) -> 5.1396791 | CG32: 65 | CH32: 100 | CI32: =IF(J32="","",J32) -> ME | CJ32: 25 | CK32: 86.6 | CL32: 99.4 | CM32: =IF(CK33="","",IF(CL32="",IF(CK32=CK33,"",(CK32-CK33)),IF(CL32=CK33,"",(CL32-CK33)))) -> 2.3 | CN32: =IF(CM32="","",(CM32*(0.785*77*77)/1000)) -> 10.70481 | CO32: =IF(CN32="","",(CN32*0.33*1.205*1000)/C32) -> 22.286741 | CP32: 53 | CQ32: 83 | CR32: =IF(J32="","",J32) -> ME | CS32: 25 | CT32: 89.8 | CU32: 113.5 | CV32: =IF(CT33="","",IF(CU32="",IF(CT32=CT33,"",(CT32-CT33)),IF(CU32=CT33,"",(CU32-CT33)))) -> 1.3 | CW32: =IF(CV32="","",(CV32*(0.785*92*92)/1000)) -> 8.637512 | CX32: =IF(CW32="","",(CW32)/C32) -> 0.045222576 | CY32: 16/16 | CZ32: 100/100 | DB32: =IF(J32="","",J32) -> ME | DC32: 25 | DD32: 96.6 | DF32: =IF(DD33="","",IF(DE32="",IF(DD32=DD33,"",(DD32-DD33)),IF(DE32=DD33,"",(DE32-DD33)))) -> -1.7 | DG32: =IF(DF32="","",(DF32*(0.785*92*92)*0.00812/1000)) -> -0.091717089 | DH32: =IF(DG32="","",(DG32*1000)/C32) -> -0.48019418 | DI32: 94 | DJ32: 54 | DK32: =IF(J32="","",J32) -> ME | DL32: 25 | DM32: 8 | DN32: 0.021 | DO32: 0.027 | DP32: 0.048 | DQ32: 6.81 | DR32: 7.1 | DS32: 1.29 | DT32: 85.4 | DU32: 4.14 | DV32: 0.699 | DW32: 0.544 | DX32: N | DY32: =IF(J32="","",J32) -> ME | DZ32: 25 | EA32: =IF(C32="","",C32/1496) -> 0.1276738 | EB32: =IF(F32="","",IF(Q32="",F32/1360,(F32+Q32)/1360)) -> 0.15220588 | EC32: =IF(I32="","",IF(C32="","",I32/C32)) -> 0.85340314 | ED32: 1.25 | EE32: 1.3 | EF32: 0.03 | EG32: 0.04 | EH32: =IF(J32="","",J32) -> ME | EI32: 25 | EJ32: Replace lime slurry pump suction line (ME) | EQ32: =IF(J32="","",J32) -> ME
A33: 26 | B33: 863838 | C33: =IF(B34="","",IF(B34=B33,"",(B34-B33))) -> 326 | D33: 10.05 | E33: 768253 | F33: =IF(E34="","",IF(E34=E33,"",(E34-E33))) -> 209 | G33: 1.1 | H33: 731349 | I33: =IF(H34="","",IF(H34=H33,"",(H34-H33))) -> 251 | J33: ME | K33: 26 | L33: 67648 | M33: =IF(L34="","",IF(L34=L33,"",(L34-L33))) -> 41 | N33: 170830 | O33: =IF(N34="","",IF(N34=N33,"",(N34-N33))) -> 54 | P33: 194713 | Q33: =IF(P34="","",IF(P34=P33,"",(P34-P33))) | R33: 654 | S33: 663 | T33: 136 | U33: 134 | V33: =IF(J33="","",J33) -> ME | W33: 26 | X33: 11365.96 | Y33: =IF(X34="","",IF(X34=X33,"",X34-X33)) -> 2.18 | Z33: 12132.67 | AA33: =IF(Z34="","",IF(Z34=Z33,"",Z34-Z33)) -> 7.62 | AB33: 9602.82 | AC33: =IF(AB34="","",IF(AB34=AB33,"",AB34-AB33)) -> 1.95 | AD33: 9695.99 | AE33: =IF(AD34="","",IF(AD34=AD33,"",AD34-AD33)) -> 4.75 | AF33: =IF(J33="","",J33) -> ME | AG33: 26 | AH33: 45338.08 | AI33: =IF(AH34="","",IF(AH34=AH33,"",AH34-AH33)) -> 12.49 | AJ33: 47474.14 | AK33: =IF(AJ34="","",IF(AJ34=AJ33,"",AJ34-AJ33)) -> 10.07 | AL33: 585.26 | AM33: =IF(AL34="","",IF(AL34=AL33,"",AL34-AL33)) | AN33: 546.34 | AO33: =IF(AN34="","",IF(AN34=AN33,"",AN34-AN33)) | AP33: =IF(J33="","",J33) -> ME | AQ33: 26 | AR33: 6507.87 | AS33: =IF(AR34="","",IF(AR34=AR33,"",AR34-AR33)) -> 1.78 | AT33: 7218.73 | AU33: =IF(AT34="","",IF(AT34=AT33,"",AT34-AT33)) -> 2.64 | AV33: 248.25 | AW33: =IF(AV34="","",IF(AV34=AV33,"",AV34-AV33)) | AX33: 235.79 | AY33: =IF(AX34="","",IF(AX34=AX33,"",AX34-AX33)) -> 0.33 | AZ33: =IF(J33="","",J33) -> ME | BA33: 26 | BB33: 0.673 | BC33: 24 | BD33: 7.2 | BE33: 2.9 | BF33: 13.3 | BG33: 7.2 | BH33: 0.22 | BI33: 0.221 | BJ33: 0.051 | BK33: 0.048 | BL33: 0.051 | BM33: 0.049 | BN33: =IF(J33="","",J33) -> ME | BO33: 26 | BP33: 0.067 | BQ33: 0 | BR33: 7.2 | BS33: 7.1 | BT33: 19.7 | BU33: 0.012 | BV33: 1.29 | BW33: 1.19 | BX33: 0620 | BY33: 60 Livengood | BZ33: =IF(J33="","",J33) -> ME | CA33: 26 | CB33: 85.8 | CD33: =IF(CB34="","",IF(CC33="",IF(CB33=CB34,"",(CB33-CB34)),IF(CC33=CB34,"",(CC33-CB34)))) -> 2.3 | CE33: =IF(CD33="","",(CD33*(0.785*77*77)/1000)) -> 10.704809 | CF33: =IF(CE33="","",(CE33*0.12*1000)/I33) -> 5.1178372 | CG33: 66 | CH33: 100 | CI33: =IF(J33="","",J33) -> ME | CJ33: 26 | CK33: 97.1 | CM33: =IF(CK34="","",IF(CL33="",IF(CK33=CK34,"",(CK33-CK34)),IF(CL33=CK34,"",(CL33-CK34)))) -> 4.2 | CN33: =IF(CM33="","",(CM33*(0.785*77*77)/1000)) -> 19.547913 | CO33: =IF(CN33="","",(CN33*0.33*1.205*1000)/C33) -> 23.844256 | CP33: 56 | CQ33: 83 | CR33: =IF(J33="","",J33) -> ME | CS33: 26 | CT33: 112.2 | CU33: 107.4 | CV33: =IF(CT34="","",IF(CU33="",IF(CT33=CT34,"",(CT33-CT34)),IF(CU33=CT34,"",(CU33-CT34)))) -> 3.4 | CW33: =IF(CV33="","",(CV33*(0.785*92*92)/1000)) -> 22.590416 | CX33: =IF(CW33="","",(CW33)/C33) -> 0.069295755 | CY33: 17/17 | CZ33: 100/100 | DA33: Y | DB33: =IF(J33="","",J33) -> ME | DC33: 26 | DD33: 98.3 | DE33: 97.1 | DF33: =IF(DD34="","",IF(DE33="",IF(DD33=DD34,"",(DD33-DD34)),IF(DE33=DD34,"",(DE33-DD34)))) -> 12.5 | DG33: =IF(DF33="","",(DF33*(0.785*92*92)*0.00812/1000)) -> 0.67439036 | DH33: =IF(DG33="","",(DG33*1000)/C33) -> 2.0686821 | DI33: 94 | DJ33: 54 | DK33: =IF(J33="","",J33) -> ME | DL33: 26 | DM33: 8.29 | DN33: 0.022 | DO33: 0.027 | DP33: 0.046 | DQ33: 6.8 | DR33: 7.1 | DS33: 1.295 | DT33: 85.8 | DU33: 4.1 | DV33: 0.707 | DW33: 0.474 | DX33: N | DY33: =IF(J33="","",J33) -> ME | DZ33: 26 | EA33: =IF(C33="","",C33/1496) -> 0.21791444 | EB33: =IF(F33="","",IF(Q33="",F33/1360,(F33+Q33)/1360)) -> 0.15367647 | EC33: =IF(I33="","",IF(C33="","",I33/C33)) -> 0.76993865 | ED33: 1.22 | EE33: 1.3 | EF33: 0.03 | EG33: 0.06 | EH33: =IF(J33="","",J33) -> ME | EI33: 26 | EJ33: Lime slurry check valve leaking remove & clean and reinstal (ME) correct wirring fault wastewater pump 1 (ME) | EQ33: =IF(J33="","",J33) -> ME
A34: 27 | B34: 864164 | C34: =IF(B35="","",IF(B35=B34,"",(B35-B34))) -> 188 | D34: 8.78 | E34: 768462 | F34: =IF(E35="","",IF(E35=E34,"",(E35-E34))) -> 249 | G34: 1.31 | H34: 731600 | I34: =IF(H35="","",IF(H35=H34,"",(H35-H34))) -> 154 | J34: ME | K34: 27 | L34: 67689 | M34: =IF(L35="","",IF(L35=L34,"",(L35-L34))) -> 8 | N34: 170884 | O34: =IF(N35="","",IF(N35=N34,"",(N35-N34))) -> 58 | P34: 194713 | Q34: =IF(P35="","",IF(P35=P34,"",(P35-P34))) | R34: 655 | S34: 663 | T34: 136 | U34: 134 | V34: =IF(J34="","",J34) -> ME | W34: 27 | X34: 11368.14 | Y34: =IF(X35="","",IF(X35=X34,"",X35-X34)) -> 4.72 | Z34: 12140.29 | AA34: =IF(Z35="","",IF(Z35=Z34,"",Z35-Z34)) -> 0.73 | AB34: 9604.77 | AC34: =IF(AB35="","",IF(AB35=AB34,"",AB35-AB34)) -> 3.8 | AD34: 9700.74 | AE34: =IF(AD35="","",IF(AD35=AD34,"",AD35-AD34)) -> 0.3 | AF34: =IF(J34="","",J34) -> ME | AG34: 27 | AH34: 45350.57 | AI34: =IF(AH35="","",IF(AH35=AH34,"",AH35-AH34)) -> 11.37 | AJ34: 47484.21 | AK34: =IF(AJ35="","",IF(AJ35=AJ34,"",AJ35-AJ34)) -> 13.94 | AL34: 585.26 | AM34: =IF(AL35="","",IF(AL35=AL34,"",AL35-AL34)) | AN34: 546.34 | AO34: =IF(AN35="","",IF(AN35=AN34,"",AN35-AN34)) | AP34: =IF(J34="","",J34) -> ME | AQ34: 27 | AR34: 6509.65 | AS34: =IF(AR35="","",IF(AR35=AR34,"",AR35-AR34)) -> 2.85 | AT34: 7221.37 | AU34: =IF(AT35="","",IF(AT35=AT34,"",AT35-AT34)) -> 2.87 | AV34: 248.25 | AW34: =IF(AV35="","",IF(AV35=AV34,"",AV35-AV34)) -> 0.08 | AX34: 236.12 | AY34: =IF(AX35="","",IF(AX35=AX34,"",AX35-AX34)) | AZ34: =IF(J34="","",J34) -> ME | BA34: 27 | BB34: 0.614 | BC34: 33 | BD34: 7.3 | BE34: 2.9 | BF34: 12.5 | BG34: 7.3 | BH34: 0.244 | BI34: 0.236 | BJ34: 0.049 | BK34: 0.048 | BL34: 0.049 | BM34: 0.05 | BN34: =IF(J34="","",J34) -> ME | BO34: 27 | BP34: 0.06 | BQ34: 0 | BR34: 7.1 | BS34: 6.9 | BT34: 17.5 | BU34: 0.009 | BV34: 1.3 | BW34: 1.22 | BX34: 0550 | BY34: 60 Livengood | BZ34: =IF(J34="","",J34) -> ME | CA34: 27 | CB34: 83.5 | CC34: 95.6 | CD34: =IF(CB35="","",IF(CC34="",IF(CB34=CB35,"",(CB34-CB35)),IF(CC34=CB35,"",(CC34-CB35)))) -> 1.6 | CE34: =IF(CD34="","",(CD34*(0.785*77*77)/1000)) -> 7.446824 | CF34: =IF(CE34="","",(CE34*0.12*1000)/I34) -> 5.80272 | CG34: 62 | CH34: 100 | CI34: =IF(J34="","",J34) -> ME | CJ34: 27 | CK34: 92.9 | CM34: =IF(CK35="","",IF(CL34="",IF(CK34=CK35,"",(CK34-CK35)),IF(CL34=CK35,"",(CL34-CK35)))) -> 2.1 | CN34: =IF(CM34="","",(CM34*(0.785*77*77)/1000)) -> 9.7739565 | CO34: =IF(CN34="","",(CN34*0.33*1.205*1000)/C34) -> 20.673478 | CP34: 49 | CQ34: 83 | CR34: =IF(J34="","",J34) -> ME | CS34: 27 | CT34: 104 | CV34: =IF(CT35="","",IF(CU34="",IF(CT34=CT35,"",(CT34-CT35)),IF(CU34=CT35,"",(CU34-CT35)))) -> 2 | CW34: =IF(CV34="","",(CV34*(0.785*92*92)/1000)) -> 13.28848 | CX34: =IF(CW34="","",(CW34)/C34) -> 0.070683404 | CY34: 15/15 | CZ34: 100/100 | DB34: =IF(J34="","",J34) -> ME | DC34: 27 | DD34: 84.6 | DE34: 103.4 | DF34: =IF(DD35="","",IF(DE34="",IF(DD34=DD35,"",(DD34-DD35)),IF(DE34=DD35,"",(DE34-DD35)))) -> 13.9 | DG34: =IF(DF34="","",(DF34*(0.785*92*92)*0.00812/1000)) -> 0.74992208 | DH34: =IF(DG34="","",(DG34*1000)/C34) -> 3.9889472 | DI34: 82 | DJ34: 54 | DK34: =IF(J34="","",J34) -> ME | DL34: 27 | DM34: 8.13 | DN34: 0.022 | DO34: 0.027 | DP34: 0.043 | DQ34: 6.78 | DR34: 6.9 | DS34: 1.26 | DT34: 85 | DU34: 4.35 | DV34: 1.373 | DW34: 0.423 | DX34: Y | DY34: =IF(J34="","",J34) -> ME | DZ34: 27 | EA34: =IF(C34="","",C34/1496) -> 0.12566845 | EB34: =IF(F34="","",IF(Q34="",F34/1360,(F34+Q34)/1360)) -> 0.18308824 | EC34: =IF(I34="","",IF(C34="","",I34/C34)) -> 0.81914894 | ED34: 1.23 | EE34: 1.29 | EF34: 0.04 | EG34: 0.06 | EH34: =IF(J34="","",J34) -> ME | EI34: 27 | EQ34: =IF(J34="","",J34) -> ME
A35: 28 | B35: 864352 | C35: =IF(B36="","",IF(B36=B35,"",(B36-B35))) -> 239 | D35: 9.4 | E35: 768711 | F35: =IF(E36="","",IF(E36=E35,"",(E36-E35))) -> 217 | G35: 3.62 | H35: 731754 | I35: =IF(H36="","",IF(H36=H35,"",(H36-H35))) -> 175 | J35: ME | K35: 28 | L35: 67697 | M35: =IF(L36="","",IF(L36=L35,"",(L36-L35))) -> 41 | N35: 170942 | O35: =IF(N36="","",IF(N36=N35,"",(N36-N35))) -> 51 | P35: 194713 | Q35: =IF(P36="","",IF(P36=P35,"",(P36-P35))) | R35: 655 | S35: 663 | T35: 137 | U35: 134 | V35: =IF(J35="","",J35) -> ME | W35: 28 | X35: 11372.86 | Y35: =IF(X36="","",IF(X36=X35,"",X36-X35)) -> 2.38 | Z35: 12141.02 | AA35: =IF(Z36="","",IF(Z36=Z35,"",Z36-Z35)) -> 4.77 | AB35: 9608.57 | AC35: =IF(AB36="","",IF(AB36=AB35,"",AB36-AB35)) -> 1.95 | AD35: 9701.04 | AE35: =IF(AD36="","",IF(AD36=AD35,"",AD36-AD35)) -> 2.72 | AF35: =IF(J35="","",J35) -> ME | AG35: 28 | AH35: 45361.94 | AI35: =IF(AH36="","",IF(AH36=AH35,"",AH36-AH35)) -> 12.64 | AJ35: 47498.15 | AK35: =IF(AJ36="","",IF(AJ36=AJ35,"",AJ36-AJ35)) -> 10.75 | AL35: 585.26 | AM35: =IF(AL36="","",IF(AL36=AL35,"",AL36-AL35)) | AN35: 546.34 | AO35: =IF(AN36="","",IF(AN36=AN35,"",AN36-AN35)) | AP35: =IF(J35="","",J35) -> ME | AQ35: 28 | AR35: 6512.5 | AS35: =IF(AR36="","",IF(AR36=AR35,"",AR36-AR35)) -> 1.89 | AT35: 7224.24 | AU35: =IF(AT36="","",IF(AT36=AT35,"",AT36-AT35)) -> 1.88 | AV35: 248.33 | AW35: =IF(AV36="","",IF(AV36=AV35,"",AV36-AV35)) | AX35: 236.12 | AY35: =IF(AX36="","",IF(AX36=AX35,"",AX36-AX35)) -> 0.34 | AZ35: =IF(J35="","",J35) -> ME | BA35: 28 | BB35: 0.622 | BC35: 41 | BD35: 7.2 | BE35: 2.9 | BF35: 15.2 | BG35: 7.2 | BH35: 0.263 | BI35: 0.247 | BJ35: 0.046 | BK35: 0.054 | BL35: 0.054 | BM35: 0.056 | BN35: =IF(J35="","",J35) -> ME | BO35: 28 | BP35: 0.067 | BQ35: 0 | BR35: 7.3 | BS35: 6.8 | BT35: 17.9 | BU35: 0.013 | BV35: 1.33 | BW35: 1.18 | BX35: 0640 | BY35: 60 Livengood | BZ35: =IF(J35="","",J35) -> ME | CA35: 28 | CB35: 94 | CD35: =IF(CB36="","",IF(CC35="",IF(CB35=CB36,"",(CB35-CB36)),IF(CC35=CB36,"",(CC35-CB36)))) -> 1.3 | CE35: =IF(CD35="","",(CD35*(0.785*77*77)/1000)) -> 6.0505445 | CF35: =IF(CE35="","",(CE35*0.12*1000)/I35) -> 4.1489448 | CG35: 62 | CH35: 100 | CI35: =IF(J35="","",J35) -> ME | CJ35: 28 | CK35: 90.8 | CM35: =IF(CK36="","",IF(CL35="",IF(CK35=CK36,"",(CK35-CK36)),IF(CL35=CK36,"",(CL35-CK36)))) -> 3.1 | CN35: =IF(CM35="","",(CM35*(0.785*77*77)/1000)) -> 14.428221 | CO35: =IF(CN35="","",(CN35*0.33*1.205*1000)/C35) -> 24.005784 | CP35: 52 | CQ35: 83 | CR35: =IF(J35="","",J35) -> ME | CS35: 28 | CT35: 102 | CV35: =IF(CT36="","",IF(CU35="",IF(CT35=CT36,"",(CT35-CT36)),IF(CU35=CT36,"",(CU35-CT36)))) -> 2.4 | CW35: =IF(CV35="","",(CV35*(0.785*92*92)/1000)) -> 15.946176 | CX35: =IF(CW35="","",(CW35)/C35) -> 0.066720402 | CY35: 16/16 | CZ35: 100/100 | DB35: =IF(J35="","",J35) -> ME | DC35: 28 | DD35: 89.5 | DE35: 103.6 | DF35: =IF(DD36="","",IF(DE35="",IF(DD35=DD36,"",(DD35-DD36)),IF(DE35=DD36,"",(DE35-DD36)))) -> 8.8 | DG35: =IF(DF35="","",(DF35*(0.785*92*92)*0.00812/1000)) -> 0.47477081 | DH35: =IF(DG35="","",(DG35*1000)/C35) -> 1.9864888 | DI35: 88 | DJ35: 54 | DK35: =IF(J35="","",J35) -> ME | DL35: 28 | DM35: 8.19 | DN35: 0.021 | DO35: 0.03 | DP35: 0.043 | DQ35: 6.78 | DR35: 6.8 | DS35: 1.243 | DT35: 86.2 | DU35: 4.16 | DV35: 0.99 | DW35: 0.506 | DX35: Y | DY35: =IF(J35="","",J35) -> ME | DZ35: 28 | EA35: =IF(C35="","",C35/1496) -> 0.15975936 | EB35: =IF(F35="","",IF(Q35="",F35/1360,(F35+Q35)/1360)) -> 0.15955882 | EC35: =IF(I35="","",IF(C35="","",I35/C35)) -> 0.73221757 | ED35: 1.17 | EE35: 1.25 | EF35: 0.04 | EG35: 0.05 | EH35: =IF(J35="","",J35) -> ME | EI35: 28 | EQ35: =IF(J35="","",J35) -> ME
A36: 29 | B36: 864591 | C36: =IF(B37="","",IF(B37=B36,"",(B37-B36))) -> 196 | D36: 9.47 | E36: 768928 | F36: =IF(E37="","",IF(E37=E36,"",(E37-E36))) -> 191 | G36: 1.11 | H36: 731929 | I36: =IF(H37="","",IF(H37=H36,"",(H37-H36))) -> 174 | J36: ME | K36: 29 | L36: 67738 | M36: =IF(L37="","",IF(L37=L36,"",(L37-L36))) | N36: 170993 | O36: =IF(N37="","",IF(N37=N36,"",(N37-N36))) -> 45 | P36: 194713 | Q36: =IF(P37="","",IF(P37=P36,"",(P37-P36))) | R36: 655 | S36: 663 | T36: 137 | U36: 134 | V36: =IF(J36="","",J36) -> ME | W36: 29 | X36: 11375.24 | Y36: =IF(X37="","",IF(X37=X36,"",X37-X36)) -> 2.46 | Z36: 12145.79 | AA36: =IF(Z37="","",IF(Z37=Z36,"",Z37-Z36)) -> 3.33 | AB36: 9610.52 | AC36: =IF(AB37="","",IF(AB37=AB36,"",AB37-AB36)) -> 2.66 | AD36: 9703.76 | AE36: =IF(AD37="","",IF(AD37=AD36,"",AD37-AD36)) -> 1.96 | AF36: =IF(J36="","",J36) -> ME | AG36: 29 | AH36: 45374.58 | AI36: =IF(AH37="","",IF(AH37=AH36,"",AH37-AH36)) -> 7.7 | AJ36: 47508.9 | AK36: =IF(AJ37="","",IF(AJ37=AJ36,"",AJ37-AJ36)) -> 13.25 | AL36: 585.26 | AM36: =IF(AL37="","",IF(AL37=AL36,"",AL37-AL36)) | AN36: 546.34 | AO36: =IF(AN37="","",IF(AN37=AN36,"",AN37-AN36)) | AP36: =IF(J36="","",J36) -> ME | AQ36: 29 | AR36: 6514.39 | AS36: =IF(AR37="","",IF(AR37=AR36,"",AR37-AR36)) -> 2.03 | AT36: 7226.12 | AU36: =IF(AT37="","",IF(AT37=AT36,"",AT37-AT36)) -> 1.99 | AV36: 248.33 | AW36: =IF(AV37="","",IF(AV37=AV36,"",AV37-AV36)) | AX36: 236.46 | AY36: =IF(AX37="","",IF(AX37=AX36,"",AX37-AX36)) | AZ36: =IF(J36="","",J36) -> ME | BA36: 29 | BB36: 0.636 | BC36: 28 | BD36: 7.1 | BE36: 2.9 | BF36: 14.4 | BG36: 7.1 | BH36: 0.293 | BI36: 0.287 | BJ36: 0.044 | BK36: 0.046 | BL36: 0.046 | BM36: 0.045 | BN36: =IF(J36="","",J36) -> ME | BO36: 29 | BP36: 0.062 | BQ36: 0 | BR36: 7.2 | BS36: 6.8 | BT36: 17.9 | BU36: 0.013 | BV36: 1.29 | BW36: 1.18 | BX36: 0635 | BY36: 60 Livengood | BZ36: =IF(J36="","",J36) -> ME | CA36: 29 | CB36: 92.7 | CD36: =IF(CB37="","",IF(CC36="",IF(CB36=CB37,"",(CB36-CB37)),IF(CC36=CB37,"",(CC36-CB37)))) -> 1.6 | CE36: =IF(CD36="","",(CD36*(0.785*77*77)/1000)) -> 7.446824 | CF36: =IF(CE36="","",(CE36*0.12*1000)/I36) -> 5.1357407 | CG36: 60 | CH36: 100 | CI36: =IF(J36="","",J36) -> ME | CJ36: 29 | CK36: 87.7 | CM36: =IF(CK37="","",IF(CL36="",IF(CK36=CK37,"",(CK36-CK37)),IF(CL36=CK37,"",(CL36-CK37)))) -> 2.6 | CN36: =IF(CM36="","",(CM36*(0.785*77*77)/1000)) -> 12.101089 | CO36: =IF(CN36="","",(CN36*0.33*1.205*1000)/C36) -> 24.55101 | CP36: 54 | CQ36: 83 | CR36: =IF(J36="","",J36) -> ME | CS36: 29 | CT36: 99.6 | CV36: =IF(CT37="","",IF(CU36="",IF(CT36=CT37,"",(CT36-CT37)),IF(CU36=CT37,"",(CU36-CT37)))) -> 2.1 | CW36: =IF(CV36="","",(CV36*(0.785*92*92)/1000)) -> 13.952904 | CX36: =IF(CW36="","",(CW36)/C36) -> 0.071188286 | CY36: 16/16 | CZ36: 100/100 | DB36: =IF(J36="","",J36) -> ME | DC36: 29 | DD36: 94.8 | DE36: 90.4 | DF36: =IF(DD37="","",IF(DE36="",IF(DD36=DD37,"",(DD36-DD37)),IF(DE36=DD37,"",(DE36-DD37)))) -> 2.7 | DG36: =IF(DF36="","",(DF36*(0.785*92*92)*0.00812/1000)) -> 0.14566832 | DH36: =IF(DG36="","",(DG36*1000)/C36) -> 0.7432057 | DI36: 89 | DJ36: 54 | DK36: =IF(J36="","",J36) -> ME | DL36: 29 | DM36: 7.78 | DN36: 0.018 | DO36: 0.035 | DP36: 0.046 | DQ36: 6.77 | DR36: 6.8 | DS36: 1.247 | DT36: 86 | DU36: 4.14 | DV36: 1.641 | DW36: 0.477 | DX36: Y | DY36: =IF(J36="","",J36) -> ME | DZ36: 29 | EA36: =IF(C36="","",C36/1496) -> 0.13101604 | EB36: =IF(F36="","",IF(Q36="",F36/1360,(F36+Q36)/1360)) -> 0.14044118 | EC36: =IF(I36="","",IF(C36="","",I36/C36)) -> 0.8877551 | ED36: 1.21 | EE36: 1.26 | EF36: 0.05 | EG36: 0.04 | EH36: =IF(J36="","",J36) -> ME | EI36: 29 | EJ36: Work on Lime lines blockage issues (ME) | EQ36: =IF(J36="","",J36) -> ME
A37: 30 | B37: 864787 | C37: =IF(B38="","",IF(B38=B37,"",(B38-B37))) -> 252 | D37: 10.05 | E37: 769119 | F37: =IF(E38="","",IF(E38=E37,"",(E38-E37))) -> 230 | G37: 1.3 | H37: 732103 | I37: =IF(H38="","",IF(H38=H37,"",(H38-H37))) -> 220 | J37: ME | K37: 30 | L37: 67738 | M37: =IF(L38="","",IF(L38=L37,"",(L38-L37))) -> 2 | N37: 171038 | O37: =IF(N38="","",IF(N38=N37,"",(N38-N37))) -> 46 | P37: 194713 | Q37: =IF(P38="","",IF(P38=P37,"",(P38-P37))) | R37: 655 | S37: 664 | T37: 137 | U37: 134 | V37: =IF(J37="","",J37) -> ME | W37: 30 | X37: 11377.7 | Y37: =IF(X38="","",IF(X38=X37,"",X38-X37)) -> 2.5 | Z37: 12149.12 | AA37: =IF(Z38="","",IF(Z38=Z37,"",Z38-Z37)) -> 4.85 | AB37: 9613.18 | AC37: =IF(AB38="","",IF(AB38=AB37,"",AB38-AB37)) -> 3.84 | AD37: 9705.72 | AE37: =IF(AD38="","",IF(AD38=AD37,"",AD38-AD37)) -> 2 | AF37: =IF(J37="","",J37) -> ME | AG37: 30 | AH37: 45382.28 | AI37: =IF(AH38="","",IF(AH38=AH37,"",AH38-AH37)) -> 16.3 | AJ37: 47522.15 | AK37: =IF(AJ38="","",IF(AJ38=AJ37,"",AJ38-AJ37)) -> 8.02 | AL37: 585.26 | AM37: =IF(AL38="","",IF(AL38=AL37,"",AL38-AL37)) -> 0.03 | AN37: 546.34 | AO37: =IF(AN38="","",IF(AN38=AN37,"",AN38-AN37)) | AP37: =IF(J37="","",J37) -> ME | AQ37: 30 | AR37: 6516.42 | AS37: =IF(AR38="","",IF(AR38=AR37,"",AR38-AR37)) -> 2.65 | AT37: 7228.11 | AU37: =IF(AT38="","",IF(AT38=AT37,"",AT38-AT37)) -> 2.67 | AV37: 248.33 | AW37: =IF(AV38="","",IF(AV38=AV37,"",AV38-AV37)) | AX37: 236.46 | AY37: =IF(AX38="","",IF(AX38=AX37,"",AX38-AX37)) | AZ37: =IF(J37="","",J37) -> ME | BA37: 30 | BB37: 0.575 | BC37: 8 | BD37: 7.2 | BE37: 2.9 | BF37: 16.7 | BG37: 7.2 | BH37: 0.296 | BI37: 0.267 | BJ37: 0.059 | BK37: 0.049 | BL37: 0.05 | BM37: 0.048 | BN37: =IF(J37="","",J37) -> ME | BO37: 30 | BP37: 0.067 | BQ37: 0 | BR37: 7.2 | BS37: 6.8 | BT37: 18.4 | BU37: 0.01 | BV37: 1.29 | BW37: 0.89 | BX37: 0550 | BY37: 60 Livengood | BZ37: =IF(J37="","",J37) -> ME | CA37: 30 | CB37: 91.1 | CD37: =IF(CB38="","",IF(CC37="",IF(CB37=CB38,"",(CB37-CB38)),IF(CC37=CB38,"",(CC37-CB38)))) -> 2 | CE37: =IF(CD37="","",(CD37*(0.785*77*77)/1000)) -> 9.30853 | CF37: =IF(CE37="","",(CE37*0.12*1000)/I37) -> 5.07738 | CG37: 63 | CH37: 100 | CI37: =IF(J37="","",J37) -> ME | CJ37: 30 | CK37: 85.1 | CM37: =IF(CK38="","",IF(CL37="",IF(CK37=CK38,"",(CK37-CK38)),IF(CL37=CK38,"",(CL37-CK38)))) -> 2.8 | CN37: =IF(CM37="","",(CM37*(0.785*77*77)/1000)) -> 13.031942 | CO37: =IF(CN37="","",(CN37*0.33*1.205*1000)/C37) -> 20.564094 | CP37: 56 | CQ37: 83 | CR37: =IF(J37="","",J37) -> ME | CS37: 30 | CT37: 97.5 | CV37: =IF(CT38="","",IF(CU37="",IF(CT37=CT38,"",(CT37-CT38)),IF(CU37=CT38,"",(CU37-CT38)))) -> 2.4 | CW37: =IF(CV37="","",(CV37*(0.785*92*92)/1000)) -> 15.946176 | CX37: =IF(CW37="","",(CW37)/C37) -> 0.063278476 | CY37: 17/17 | CZ37: 100/100 | DB37: =IF(J37="","",J37) -> ME | DC37: 30 | DD37: 87.7 | DF37: =IF(DD38="","",IF(DE37="",IF(DD37=DD38,"",(DD37-DD38)),IF(DE37=DD38,"",(DE37-DD38)))) -> 8.7 | DG37: =IF(DF37="","",(DF37*(0.785*92*92)*0.00812/1000)) -> 0.46937569 | DH37: =IF(DG37="","",(DG37*1000)/C37) -> 1.8626019 | DI37: 99 | DJ37: 54 | DK37: =IF(J37="","",J37) -> ME | DL37: 30 | DM37: 7.78 | DN37: 0.018 | DO37: 0.032 | DP37: 0.045 | DQ37: 6.77 | DR37: 6.8 | DS37: 1.264 | DT37: 86.2 | DU37: 4.2 | DV37: 1.052 | DW37: 0.349 | DX37: Y | DY37: =IF(J37="","",J37) -> ME | DZ37: 30 | EA37: =IF(C37="","",C37/1496) -> 0.1684492 | EB37: =IF(F37="","",IF(Q37="",F37/1360,(F37+Q37)/1360)) -> 0.16911765 | EC37: =IF(I37="","",IF(C37="","",I37/C37)) -> 0.87301587 | ED37: 0.96 | EE37: 1.28 | EF37: 0.05 | EG37: 0.23 | EH37: =IF(J37="","",J37) -> ME | EI37: 30 | EJ37: Truck fill station at fire hall caused erroneous cl2 and turbidity spike (ME) | EQ37: =IF(J37="","",J37) -> ME
A38: 31 | B38: 865039 | C38: =IF(Feb.!B8="","",IF(Feb.!B8=B38,"",(Feb.!B8-B38))) -> 233 | D38: 9.34 | E38: 769349 | F38: =IF(Feb.!E8="","",IF(Feb.!E8=E38,"",(Feb.!E8-E38))) -> 275 | G38: 3.22 | H38: 732323 | I38: =IF(Feb.!H8="","",IF(Feb.!H8=H38,"",(Feb.!H8-H38))) -> 170 | J38: ME | K38: 31 | L38: 67740 | M38: =IF(Feb.!L8="","",IF(Feb.!L8=L38,"",(Feb.!L8-L38))) -> 40 | N38: 171084 | O38: =IF(Feb.!N8="","",IF(Feb.!N8=N38,"",(Feb.!N8-N38))) -> 59 | P38: 194713 | Q38: =IF(Feb.!P8="","",IF(Feb.!P8=P38,"",(Feb.!P8-P38))) | R38: 655 | S38: 664 | T38: 137 | U38: 134 | V38: =IF(J38="","",J38) -> ME | W38: 31 | X38: 11380.2 | Y38: =IF(Feb.!X8="","",IF(Feb.!X8=X38,"",Feb.!X8-X38)) -> 4.52 | Z38: 12153.97 | AA38: =IF(Feb.!Z8="","",IF(Feb.!Z8=Z38,"",Feb.!Z8-Z38)) -> 2.56 | AB38: 9617.02 | AC38: =IF(Feb.!AB8="","",IF(Feb.!AB8=AB38,"",Feb.!AB8-AB38)) -> 2.08 | AD38: 9707.72 | AE38: =IF(Feb.!AD8="","",IF(Feb.!AD8=AD38,"",Feb.!AD8-AD38)) -> 2.46 | AF38: =IF(J38="","",J38) -> ME | AG38: 31 | AH38: 45398.58 | AI38: =IF(Feb.!AH8="","",IF(Feb.!AH8=AH38,"",Feb.!AH8-AH38)) -> 12.23 | AJ38: 47530.17 | AK38: =IF(Feb.!AJ8="","",IF(Feb.!AJ8=AJ38,"",Feb.!AJ8-AJ38)) -> 15.99 | AL38: 585.29 | AM38: =IF(Feb.!AL8="","",IF(Feb.!AL8=AL38,"",Feb.!AL8-AL38)) | AN38: 546.34 | AO38: =IF(Feb.!AN8="","",IF(Feb.!AN8=AN38,"",Feb.!AN8-AN38)) | AP38: =IF(J38="","",J38) -> ME | AQ38: 31 | AR38: 6519.07 | AS38: =IF(Feb.!AR8="","",IF(Feb.!AR8=AR38,"",Feb.!AR8-AR38)) -> 2.4 | AT38: 7230.78 | AU38: =IF(Feb.!AT8="","",IF(Feb.!AT8=AT38,"",Feb.!AT8-AT38)) -> 2.55 | AV38: 248.33 | AW38: =IF(Feb.!AV8="","",IF(Feb.!AV8=AV38,"",Feb.!AV8-AV38)) -> 0.34 | AX38: 236.46 | AY38: =IF(Feb.!AX8="","",IF(Feb.!AX8=AX38,"",Feb.!AX8-AX38)) | AZ38: =IF(J38="","",J38) -> ME | BA38: 31 | BN38: =IF(J38="","",J38) -> ME | BO38: 31 | BP38: 0.076 | BV38: 1.25 | BW38: 1.18 | BX38: 0550 | BY38: 60 Livengood | BZ38: =IF(J38="","",J38) -> ME | CA38: 31 | CB38: 89.1 | CD38: =IF(Feb.!CB8="","",IF(CC38="",IF(CB38=Feb.!CB8,"",(CB38-Feb.!CB8)),IF(CC38=Feb.!CB8,"",(CC38-Feb.!CB8)))) -> 1.3 | CE38: =IF(CD38="","",(CD38*(0.785*77*77)/1000)) -> 6.0505445 | CF38: =IF(CE38="","",(CE38*0.12*1000)/I38) -> 4.2709726 | CG38: 60 | CH38: 100 | CI38: =IF(J38="","",J38) -> ME | CJ38: 31 | CK38: 82.3 | CM38: =IF(Feb.!CK8="","",IF(CL38="",IF(CK38=Feb.!CK8,"",(CK38-Feb.!CK8)),IF(CL38=Feb.!CK8,"",(CL38-Feb.!CK8)))) -> 3.1 | CN38: =IF(CM38="","",(CM38*(0.785*77*77)/1000)) -> 14.428221 | CO38: =IF(CN38="","",(CN38*0.33*1.205*1000)/C38) -> 24.623958 | CP38: 53 | CQ38: 83 | CR38: =IF(J38="","",J38) -> ME | CS38: 31 | CT38: 95.1 | CV38: =IF(Feb.!CT8="","",IF(CU38="",IF(CT38=Feb.!CT8,"",(CT38-Feb.!CT8)),IF(CU38=Feb.!CT8,"",(CU38-Feb.!CT8)))) -> 2.5 | CW38: =IF(CV38="","",(CV38*(0.785*92*92)/1000)) -> 16.6106 | CX38: =IF(CW38="","",(CW38)/C38) -> 0.071290129 | CY38: 16/16 | CZ38: 100/100 | DB38: =IF(J38="","",J38) -> ME | DC38: 31 | DD38: 79 | DE38: 102.9 | DF38: =IF(Feb.!DD8="","",IF(DE38="",IF(DD38=Feb.!DD8,"",(DD38-Feb.!DD8)),IF(DE38=Feb.!DD8,"",(DE38-Feb.!DD8)))) -> 26.6 | DG38: =IF(DF38="","",(DF38*(0.785*92*92)*0.00812/1000)) -> 1.4351027 | DH38: =IF(DG38="","",(DG38*1000)/C38) -> 6.159239 | DI38: 90 | DJ38: 54 | DK38: =IF(J38="","",J38) -> ME | DL38: 31 | DM38: 7.85 | DN38: 0.018 | DO38: 0.03 | DP38: 0.054 | DQ38: 6.76 | DR38: 6.7 | DS38: 1.257 | DT38: 84.7 | DU38: 4.27 | DV38: 697 | DW38: 0.601 | DX38: Y | DY38: =IF(J38="","",J38) -> ME | DZ38: 31 | EA38: =IF(C38="","",C38/1496) -> 0.15574866 | EB38: =IF(F38="","",IF(Q38="",F38/1360,(F38+Q38)/1360)) -> 0.20220588 | EC38: =IF(I38="","",IF(C38="","",I38/C38)) -> 0.72961373 | ED38: 1.23 | EE38: 1.27 | EF38: 0.04 | EG38: 0.37 | EH38: =IF(J38="","",J38) -> ME | EI38: 31 | EQ38: =IF(J38="","",J38) -> ME
DZ39: Ave. | EA39: =IF(COUNT(EA7:EA37)=0,"",AVERAGE(EA7:EA37))*100 -> 11.677807 | EB39: =IF(COUNT(EB7:EB37)=0,"",AVERAGE(EB7:EB37))*100 -> 12.60049 | EC39: =IF(COUNT(EC7:EC37)=0,"",AVERAGE(EC7:EC37))*100 -> 80.89791
A40: Total | C40: =IF(COUNT(C8:C38)=0,"",SUM(C8:C38)) -> 5474 | F40: =IF(COUNT(F8:F38)=0,"",SUM(F8:F38)) -> 5416 | I40: =IF(COUNT(I8:I38)=0,"",SUM(I8:I38)) -> 4367 | K40: Total | M40: =IF(COUNT(M8:M38)=0,"",SUM(M8:M38)) -> 390 | O40: =IF(COUNT(O8:O38)=0,"",SUM(O8:O38)) -> 1295 | Q40: =IF(COUNT(Q8:Q38)=0,"",SUM(Q8:Q38)) | W40: Total | Y40: =IF(COUNT(Y8:Y38)=0,"",SUM(Y8:Y38)) -> 79.07 | AA40: =IF(COUNT(AA8:AA38)=0,"",SUM(AA8:AA38)) -> 82.27 | AC40: =IF(COUNT(AC8:AC38)=0,"",SUM(AC8:AC38)) -> 61.38 | AE40: =IF(COUNT(AE8:AE38)=0,"",SUM(AE8:AE38)) -> 55.01 | AG40: Total | AI40: =IF(COUNT(AI8:AI38)=0,"",SUM(AI8:AI38)) -> 372.32 | AK40: =IF(COUNT(AK8:AK38)=0,"",SUM(AK8:AK38)) -> 368.92 | AM40: =IF(COUNT(AM8:AM38)=0,"",SUM(AM8:AM38)) -> 0.06 | AO40: =IF(COUNT(AO8:AO38)=0,"",SUM(AO8:AO38)) -> 0.1 | AQ40: Total | AS40: =IF(COUNT(AS8:AS38)=0,"",SUM(AS8:AS38)) -> 15.09 | AU40: =IF(COUNT(AU8:AU38)=0,"",SUM(AU8:AU38)) -> 109.87 | AW40: =IF(COUNT(AW8:AW38)=0,"",SUM(AW8:AW38)) -> 1.78 | AY40: =IF(COUNT(AY8:AY38)=0,"",SUM(AY8:AY38)) -> 1.44 | BA40: Total | BB40: =COUNT(BB8:BB38) -> 22 | BC40: =COUNT(BC8:BC38) -> 22 | BD40: =COUNT(BD8:BD38) -> 22 | BE40: =COUNT(BE8:BE38) -> 22 | BF40: =COUNT(BF8:BF38) -> 22 | BG40: =COUNT(BG8:BG38) -> 22 | BH40: =COUNT(BH8:BH38) -> 22 | BI40: =COUNT(BI8:BI38) -> 22 | ... BM40: =COUNT(BM8:BM38) -> 22 | BN40: Tests | BO40: Total | BP40: =COUNT(BP8:BP38) -> 31 | BQ40: =COUNT(BQ8:BQ38) -> 29 | BR40: =COUNT(BR8:BR38) -> 29 | BS40: =COUNT(BS8:BS38) -> 29 | BT40: =COUNT(BT8:BT38) -> 29 | BU40: =COUNT(BU8:BU38) -> 29 | BV40: =COUNT(BV8:BV38) -> 31 | BW40: =COUNT(BW8:BW38) -> 31 | BX40: Tests | CA40: Total | CD40: =IF(COUNT(CD8:CD38)=0,"",SUM(CD8:CD38)) -> 40.8 | CE40: =IF(COUNT(CE8:CE38)=0,"",SUM(CE8:CE38)) -> 189.89401 | CJ40: Total | CM40: =IF(COUNT(CM8:CM38)=0,"",SUM(CM8:CM38)) -> 67.7 | CN40: =IF(COUNT(CN8:CN38)=0,"",SUM(CN8:CN38)) -> 315.09374 | CS40: Total | CV40: =IF(COUNT(CV8:CV38)=0,"",SUM(CV8:CV38)) -> 59.4 | CW40: =IF(COUNT(CW8:CW38)=0,"",SUM(CW8:CW38)) -> 394.66786 | DC40: Total | DF40: =IF(COUNT(DF8:DF38)=0,"",SUM(DF8:DF38)) -> 381.4 | DG40: =IF(COUNT(DG8:DG38)=0,"",SUM(DG8:DG38)) -> 20.576999 | DL40: Total | DZ40: Min. | EA40: =IF(COUNT(EA8:EA38)=0,"",MIN(EA8:EA38))*100 -> 4.7459893 | EB40: =IF(COUNT(EB8:EB38)=0,"",MIN(EB8:EB38))*100 -> 8.8970588 | EC40: =IF(COUNT(EC8:EC38)=0,"",MIN(EC8:EC38))*100 -> 65.934066 | ED40: =IF(COUNT(ED8:ED38)=0,"",MIN(ED8:ED38)) -> 0.03
A41: Avg | C41: =IF(COUNT(C8:C38)=0,"",AVERAGE(C8:C38)) -> 176.58065 | F41: =IF(COUNT(F8:F38)=0,"",AVERAGE(F8:F38)) -> 174.70968 | I41: =IF(COUNT(I8:I38)=0,"",AVERAGE(I8:I38)) -> 140.87097 | K41: Avg | M41: =IF(COUNT(M8:M38)=0,"",AVERAGE(M8:M38)) -> 24.375 | O41: =IF(COUNT(O8:O38)=0,"",AVERAGE(O8:O38)) -> 41.774194 | Q41: =IF(COUNT(Q8:Q38)=0,"",AVERAGE(Q8:Q38)) | W41: Avg | AG41: Avg | AQ41: Avg | BA41: Avg | BB41: =IF(COUNT(BB8:BB38)=0,"",AVERAGE(BB8:BB38)) -> 0.71172727 | BC41: =IF(COUNT(BC8:BC38)=0,"",AVERAGE(BC8:BC38)) -> 27.363636 | BD41: =IF(COUNT(BD8:BD38)=0,"",AVERAGE(BD8:BD38)) -> 7.2636364 | BE41: =IF(COUNT(BE8:BE38)=0,"",AVERAGE(BE8:BE38)) -> 2.7681818 | BF41: =IF(COUNT(BF8:BF38)=0,"",AVERAGE(BF8:BF38)) -> 14.690909 | BG41: =IF(COUNT(BG8:BG38)=0,"",AVERAGE(BG8:BG38)) -> 7.2636364 | BH41: =IF(COUNT(BH8:BH38)=0,"",AVERAGE(BH8:BH38)) -> 0.28109091 | BI41: =IF(COUNT(BI8:BI38)=0,"",AVERAGE(BI8:BI38)) -> 0.27181818 | ... BM41: =IF(COUNT(BM8:BM38)=0,"",AVERAGE(BM8:BM38)) -> 0.054772727 | BO41: Avg | BP41: =IF(COUNT(BP8:BP38)=0,"",AVERAGE(BP8:BP38)) -> 0.078354839 | BQ41: =IF(COUNT(BQ8:BQ38)=0,"",AVERAGE(BQ8:BQ38)) -> 0 | BR41: =IF(COUNT(BR8:BR38)=0,"",AVERAGE(BR8:BR38)) -> 7.262069 | BS41: =IF(COUNT(BS8:BS38)=0,"",AVERAGE(BS8:BS38)) -> 7.1862069 | BT41: =IF(COUNT(BT8:BT38)=0,"",AVERAGE(BT8:BT38)) -> 17.372414 | BU41: =IF(COUNT(BU8:BU38)=0,"",AVERAGE(BU8:BU38)) -> 0.01162069 | BV41: =IF(COUNT(BV8:BV38)=0,"",AVERAGE(BV8:BV38)) -> 1.2312903 | BW41: =IF(COUNT(BW8:BW38)=0,"",AVERAGE(BW8:BW38)) -> 1.0664516 | CA41: Avg | CD41: =IF(COUNT(CD8:CD38)=0,"",AVERAGE(CD8:CD38)) -> 1.316129 | CE41: =IF(COUNT(CE8:CE38)=0,"",AVERAGE(CE8:CE38)) -> 6.1256133 | CF41: =IF(COUNT(CF8:CF38)=0,"",AVERAGE(CF8:CF38)) -> 5.3200277 | CJ41: Avg | CM41: =IF(COUNT(CM8:CM38)=0,"",AVERAGE(CM8:CM38)) -> 2.183871 | CN41: =IF(COUNT(CN8:CN38)=0,"",AVERAGE(CN8:CN38)) -> 10.164314 | CO41: =IF(COUNT(CO8:CO38)=0,"",AVERAGE(CO8:CO38)) -> 22.904121 | CS41: Avg | CV41: =IF(COUNT(CV8:CV38)=0,"",AVERAGE(CV8:CV38)) -> 1.916129 | CW41: =IF(COUNT(CW8:CW38)=0,"",AVERAGE(CW8:CW38)) -> 12.731221 | CX41: =IF(COUNT(CX8:CX38)=0,"",AVERAGE(CX8:CX38)) -> 0.071920107 | DC41: Avg | DF41: =IF(COUNT(DF8:DF38)=0,"",AVERAGE(DF8:DF38)) -> 12.303226 | DG41: =IF(COUNT(DG8:DG38)=0,"",AVERAGE(DG8:DG38)) -> 0.66377415 | DH41: =IF(COUNT(DH8:DH38)=0,"",AVERAGE(DH8:DH38)) -> 3.8759886 | DL41: Avg | DM41: =IF(COUNT(DM8:DM38)=0,"",AVERAGE(DM8:DM38)) -> 8.4306452 | DN41: =IF(COUNT(DN8:DN38)=0,"",AVERAGE(DN8:DN38)) -> 0.02016129 | DO41: =IF(COUNT(DO8:DO38)=0,"",AVERAGE(DO8:DO38)) -> 0.027774194 | DP41: =IF(COUNT(DP8:DP38)=0,"",AVERAGE(DP8:DP38)) -> 0.19032258 | DQ41: =IF(COUNT(DQ8:DQ38)=0,"",AVERAGE(DQ8:DQ38)) -> 6.8225806 | DR41: =IF(COUNT(DR8:DR38)=0,"",AVERAGE(DR8:DR38)) -> 7.1741935 | DS41: =IF(COUNT(DS8:DS38)=0,"",AVERAGE(DS8:DS38)) -> 1.2113548 | DT41: =IF(COUNT(DT8:DT38)=0,"",AVERAGE(DT8:DT38)) -> 85.819355 | ... DW41: =IF(COUNT(DW8:DW38)=0,"",AVERAGE(DW8:DW38)) -> 0.74170968 | DZ41: Max. | EA41: =IF(COUNT(EA8:EA38)=0,"",MAX(EA8:EA38))*100 -> 21.791444 | EB41: =IF(COUNT(EB8:EB38)=0,"",MAX(EB8:EB38))*100 -> 20.220588 | EC41: =IF(COUNT(EC8:EC38)=0,"",MAX(EC8:EC38))*100 -> 88.77551 | EE41: =IF(COUNT(EE8:EE38)=0,"",MAX(EE8:EE38)) -> 1.3 | EF41: =IF(COUNT(EF8:EF38)=0,"",MAX(EF8:EF38)) -> 1.06 | EG41: =IF(COUNT(EG8:EG38)=0,"",MAX(EG8:EG38)) -> 1.16
F42: Flows (1) | K42: =IF(A42="","",A42) | O42: Flows (2) & Backwash Counters | W42: =IF(A42="","",A42) | AB42: Low Lift & GAC Transfer Pumps | AG42: =IF(A42="","",A42) | AL42: High Lift Pumps | AQ42: =IF(A42="","",A42) | AV42: Other Pumps | BA42: =IF(A42="","",A42) | BF42: Raw & Process Water Quality | BO42: =IF(A42="","",A42) | BT42: Treated & Distribution Water Quality | CA42: =IF(A42="","",A42) | CE42: Sodium Hypochlorite | CJ42: =IF(A42="","",A42) | CN42: Watercare (PACl) | CS42: =IF(A42="","",A42) | CW42: Polymer | DC42: =IF(A42="","",A42) | DG42: Lime | DL42: =IF(A42="","",A42) | DQ42: Analyzers | DZ42: =IF(A42="","",A42) | EF42: Compliance | EI42: =IF(A42="","",A42) | EM42: Comments

Sheet Feb.
A1: February 2016 | K1: =IF(A1="","",A1) -> February 2016 | W1: =IF(A1="","",A1) -> February 2016 | AG1: =IF(A1="","",A1) -> February 2016 | AQ1: =IF(A1="","",A1) -> February 2016 | BA1: =IF(A1="","",A1) -> February 2016 | BO1: =IF(A1="","",A1) -> February 2016 | CA1: =IF(A1="","",A1) -> February 2016 | CJ1: =IF(A1="","",A1) -> February 2016 | CS1: =IF(A1="","",A1) -> February 2016 | DC1: =IF(A1="","",A1) -> February 2016 | DL1: =IF(A1="","",A1) -> February 2016 | DZ1: =IF(A1="","",A1) -> February 2016 | EB1: Compliance values such as maximum turbidity and minimum chlorine are transcribed directly from the Excel Daily Report print-outs | EI1: =IF(A1="","",A1) -> February 2016
A3: Drinking Water System | F3: Flows (1) | K3: =IF(A3="","",A3) -> Drinking Water System | O3: Flows (2) & Backwash Counters | W3: =IF(A3="","",A3) -> Drinking Water System | AB3: Low Lift & GAC Transfer Pumps | AG3: =IF(A3="","",A3) -> Drinking Water System | AL3: High Lift Pumps | AQ3: =IF(A3="","",A3) -> Drinking Water System | AV3: Other Pumps | BA3: =IF(A3="","",A3) -> Drinking Water System | BF3: Raw & Process Water Quality | BO3: =IF(A3="","",A3) -> Drinking Water System | BT3: Treated & Distribution Water Quality | CA3: =IF(A3="","",A3) -> Drinking Water System | CE3: Sodium Hypochlorite | CJ3: =IF(A3="","",A3) -> Drinking Water System | CN3: Watercare (PACl) | CS3: =IF(A3="","",A3) -> Drinking Water System | CW3: Polymer | DC3: =IF(A3="","",A3) -> Drinking Water System | DG3: Lime | DL3: =IF(A3="","",A3) -> Drinking Water System | DQ3: Analyzers | DZ3: =IF(A3="","",A3) -> Drinking Water System | EF3: Compliance | EI3: =IF(A3="","",A3) -> Drinking Water System | EM3: Comments
A4: Date | B4: Raw Water | E4: Treated Water | H4: GAC Transfer | J4: Operator Initials | K4: Date | L4: Backwash | N4: Wastewater | P4: Fire Pump | R4: Backwash Counters | V4: Operator Initials | W4: Date | X4: Low Lift Pumps | AB4: GAC Transfer Pumps | AF4: Operator Initials | AG4: Date | AH4: High Lift Pumps | AP4: Operator Initials | AQ4: Date | AR4: Wastewater Transfer Pumps | AV4: Backwash Pumps | AZ4: Operator Initials | BA4: Date | BB4: Raw Water | BG4: Coag. Water pH | BH4: Clarifiers | BJ4: SAF Filters | BL4: GAC Contactors | BN4: Operator Initials | BO4: Date | BP4: Treated (Point-of-Entry) Water | BW4: Distribution Water | BZ4: Operator Initials | CA4: Date | CB4: Tank Level (cm) | CC4: Filled Tank Level (cm) | CD4: Amount Used (cm) | CE4: Litres Used (L) | CF4: Actual Dosage (mg/L) | CG4: Chemical Feeder Speed Set Point (Freq.) | CH4: Chemical Feeder Stroke Set Point (%) | CI4: Operator Initials | CJ4: Date | CK4: Tank Level (cm) | CL4: Filled Tank Level (cm) | CM4: Amount Used (cm) | CN4: Litres Used (L) | CO4: Actual Dosage (mg/L) | CP4: Chemical Feeder Speed Set Point (Freq.) | CQ4: Chemical Feeder Stroke Set Point (%) | CR4: Operator Initials | CS4: Date | CT4: Tank Level (cm) | CU4: Filled Tank Level (or New Tank Level, if WW Polymer Filled) (cm) | CV4: Amount Used (cm) | CW4: Grams Used (g) | CX4: Actual Dosage (mg/L) | CY4: Chemical Feeder Speed Set Point (Freq.) | CZ4: Chemical Feeder Stroke Set Point (%) | DA4: Filled Wastewater Polymer Tank (Indicate Yes) | DB4: Operator Initials | DC4: Date | DD4: Tank Level (cm) | DE4: Filled Tank Level (cm) | DF4: Amount Used (cm) | DG4: Kilograms Used (kg) | DH4: Actual Dosage (mg/L) | DI4: Chemical Feeder Speed Set Point (Freq.) | DJ4: Chemical Feeder Stroke Set Point (%) | DK4: Operator Initials | DL4: Date | DM4: Raw | DN4: Filter Effluent | DP4: Treated (Point-of-Entry) | DV4: Process Wastewater | DY4: Operator Initials | DZ4: Date | EA4: Performance Data | ED4: Chlorine Residual | EF4: SAF #1 | EG4: SAF #2 | EH4: Operator Initials | EI4: Date | EJ4: Comments/Observations | EQ4: Operator Initials
B5: Meter Reading (m3) | C5: Total Flow (m3) | D5: Litres per Second (L/s) | E5: Meter Reading (m3) | F5: Total Flow (m3) | G5: Litres per Second (L/s) | H5: Meter Reading (m3) | I5: Total Flow (m3) | L5: Meter Reading (m3) | M5: Total Flow (m3) | N5: Meter Reading (m3) | O5: Total Flow (m3) | P5: Meter Reading (m3) | Q5: Total Flow (m3) | R5: SAF #1 | S5: SAF #2 | T5: GAC #1 | U5: GAC #2 | X5: LLP-1 | Z5: LLP-2 | AB5: GTP-1 | AD5: GTP-2 | AH5: HLP-1A | AJ5: HLP-1B | AL5: HLP-2 | AN5: HLP-3 | AR5: WWP-1 | AT5: WWP-2 | AV5: BWP-1 | AX5: BWP-2 | BB5: Turbidity (NTU) | BC5: Colour (PtCo) | BD5: pH | BE5: Temp. (oC) | BF5: Alkalinity (mg/L as CaCO3) | BH5: Clarifier #1 Turbidity (NTU) | BI5: Clarifier #2 Turbidity (NTU) | BJ5: SAF #1 Turbidity (NTU) | BK5: SAF #2 Turbidity (NTU) | BL5: GAC #1 Turbidity (NTU) | BM5: GAC #2 Turbidity (NTU) | BP5: Turbidity (NTU) | BQ5: Colour (PtCo) | BR5: pH | BS5: Temp. (oC) | BT5: Alkalinity (mg/L as CaCO3) | BU5: Aluminum Residual (mg/L) | BV5: Chlorine Residual (1o, mg/L) | BW5: Chlorine Residual (2o, mg/L) | BX5: Time of Chlorine Residual Sample | BY5: Sample Location | DM5: pH | DN5: SAF #1 Turbidity (NTU) | DO5: SAF #2 Turbidity (NTU) | DP5: Turbidity (NTU) | DQ5: pH | DR5: Temp. (oC) | DS5: Free Chlorine Residual (1o, mg/L) | DT5: Dist. Pressure (PSI) | DU5: Reservoir Level (m) | DV5: WW Surge Tank Level (m) | DW5: Suspended Solids (mg/L) | DX5: Decant in Progress (Y/N)? | EA5: Daily Raw Flow vs. PTTW Limit (%) | EB5: Daily Treated Flow vs. MDWL Limit (%) | EC5: Efficiency (Throughout) (%) | ED5: Treated (POE) | EF5: Maximum Turbidity (NTU) | EG5: Maximum Turbidity (NTU)
X6: Hour Meter Reading | Y6: Hours Run | Z6: Hour Meter Reading | AA6: Hours Run | AB6: Hour Meter Reading | AC6: Hours Run | AD6: Hour Meter Reading | AE6: Hours Run | AH6: Hour Meter Reading | AI6: Hours Run | AJ6: Hour Meter Reading | AK6: Hours Run | AL6: Hour Meter Reading | AM6: Hours Run | AN6: Hour Meter Reading | AO6: Hours Run | AR6: Hour Meter Reading | AS6: Hours Run | AT6: Hour Meter Reading | AU6: Hours Run | AV6: Hour Meter Reading | AW6: Hours Run | AX6: Hour Meter Reading | AY6: Hours Run | ED6: Minimum (mg/L) | EE6: Maximum (mg/L)
A8: 1 | B8: 865272 | C8: =IF(B9="","",IF(B9=B8,"",(B9-B8))) -> 221 | D8: 10.03 | E8: 769624 | F8: =IF(E9="","",IF(E9=E8,"",(E9-E8))) -> 221 | G8: 3.7 | H8: 732493 | I8: =IF(H9="","",IF(H9=H8,"",(H9-H8))) -> 198 | J8: ME | K8: 1 | L8: 67780 | M8: =IF(L9="","",IF(L9=L8,"",(L9-L8))) | N8: 171143 | O8: =IF(N9="","",IF(N9=N8,"",(N9-N8))) -> 43 | P8: 194713 | Q8: =IF(P9="","",IF(P9=P8,"",(P9-P8))) | R8: 656 | S8: 664 | T8: 137 | U8: 134 | V8: =IF(J8="","",J8) -> ME | W8: 1 | X8: 11384.72 | Y8: =IF(X9="","",IF(X9=X8,"",X9-X8)) -> 4.06 | Z8: 12156.53 | AA8: =IF(Z9="","",IF(Z9=Z8,"",Z9-Z8)) -> 2.46 | AB8: 9619.1 | AC8: =IF(AB9="","",IF(AB9=AB8,"",AB9-AB8)) -> 3.31 | AD8: 9710.18 | AE8: =IF(AD9="","",IF(AD9=AD8,"",AD9-AD8)) -> 1.94 | AF8: =IF(J8="","",J8) -> ME | AG8: 1 | AH8: 45410.81 | AI8: =IF(AH9="","",IF(AH9=AH8,"",AH9-AH8)) -> 11.78 | AJ8: 47546.16 | AK8: =IF(AJ9="","",IF(AJ9=AJ8,"",AJ9-AJ8)) -> 11.71 | AL8: 585.29 | AM8: =IF(AL9="","",IF(AL9=AL8,"",AL9-AL8)) | AN8: 546.34 | AO8: =IF(AN9="","",IF(AN9=AN8,"",AN9-AN8)) | AP8: =IF(J8="","",J8) -> ME | AQ8: 1 | AR8: 6521.47 | AS8: =IF(AR9="","",IF(AR9=AR8,"",AR9-AR8)) -> 2.33 | AT8: 7233.33 | AU8: =IF(AT9="","",IF(AT9=AT8,"",AT9-AT8)) -> 2.33 | AV8: 248.67 | AW8: =IF(AV9="","",IF(AV9=AV8,"",AV9-AV8)) | AX8: 236.46 | AY8: =IF(AX9="","",IF(AX9=AX8,"",AX9-AX8)) | AZ8: =IF(J8="","",J8) -> ME | BA8: 1 | BB8: 0.549 | BC8: 17 | BD8: 7.2 | BE8: 2.9 | BF8: 16.8 | BG8: 7.2 | BH8: 0.202 | BI8: 0.217 | BJ8: 0.049 | BK8: 0.046 | BL8: 0.052 | BM8: 0.05 | BN8: =IF(J8="","",J8) -> ME | BO8: 1 | BP8: 0.072 | BQ8: 0 | BR8: 7.2 | BS8: 6.7 | BT8: 18.2 | BU8: 0.013 | BV8: 1.33 | BW8: 1.15 | BX8: 0620 | BY8: 60 Livengood | BZ8: =IF(J8="","",J8) -> ME | CA8: 1 | CB8: 87.8 | CC8: 95.1 | CD8: =IF(CB9="","",IF(CC8="",IF(CB8=CB9,"",(CB8-CB9)),IF(CC8=CB9,"",(CC8-CB9)))) -> 1.9 | CE8: =IF(CD8="","",(CD8*(0.785*77*77)/1000)) -> 8.8431035 | CF8: =IF(CE8="","",(CE8*0.12*1000)/I8) -> 5.3594567 | CG8: 62 | CH8: 100 | CI8: =IF(J8="","",J8) -> ME | CJ8: 1 | CK8: 79.2 | CL8: 98.1 | CM8: =IF(CK9="","",IF(CL8="",IF(CK8=CK9,"",(CK8-CK9)),IF(CL8=CK9,"",(CL8-CK9)))) -> 2.4 | CN8: =IF(CM8="","",(CM8*(0.785*77*77)/1000)) -> 11.170236 | CO8: =IF(CN8="","",(CN8*0.33*1.205*1000)/C8) -> 20.098843 | CP8: 56 | CQ8: 83 | CR8: =IF(J8="","",J8) -> ME | CS8: 1 | CT8: 92.6 | CV8: =IF(CT9="","",IF(CU8="",IF(CT8=CT9,"",(CT8-CT9)),IF(CU8=CT9,"",(CU8-CT9)))) -> 2.3 | CW8: =IF(CV8="","",(CV8*(0.785*92*92)/1000)) -> 15.281752 | CX8: =IF(CW8="","",(CW8)/C8) -> 0.069148199 | CY8: 17/17 | CZ8: 100/100 | DB8: =IF(J8="","",J8) -> ME | DC8: 1 | DD8: 76.3 | DE8: 103.1 | DF8: =IF(DD9="","",IF(DE8="",IF(DD8=DD9,"",(DD8-DD9)),IF(DE8=DD9,"",(DE8-DD9)))) -> 23.7 | DG8: =IF(DF8="","",(DF8*(0.785*92*92)*0.00812/1000)) -> 1.2786441 | DH8: =IF(DG8="","",(DG8*1000)/C8) -> 5.78572 | DI8: 94 | DJ8: 54 | DK8: =IF(J8="","",J8) -> ME | DL8: 1 | DM8: 8.2 | DN8: 0.02 | DO8: 0.032 | DP8: 0.052 | DQ8: 6.77 | DR8: 6.7 | DS8: 1.261 | DT8: 86.1 | DU8: 4.07 | DV8: 1.17 | DW8: 0.736 | DX8: Y | DY8: =IF(J8="","",J8) -> ME | DZ8: 1 | EA8: =IF(C8="","",C8/1496) -> 0.14772727 | EB8: =IF(F8="","",IF(Q8="",F8/1360,(F8+Q8)/1360)) -> 0.1625 | EC8: =IF(I8="","",IF(C8="","",I8/C8)) -> 0.8959276 | ED8: 1.24 | EE8: 1.27 | EF8: 0.04 | EG8: 0.04 | EH8: =IF(J8="","",J8) -> ME | EI8: 1 | EQ8: =IF(J8="","",J8) -> ME
A9: 2 | B9: 865493 | C9: =IF(B10="","",IF(B10=B9,"",(B10-B9))) -> 257 | D9: 9.19 | E9: 769845 | F9: =IF(E10="","",IF(E10=E9,"",(E10-E9))) -> 226 | G9: 3.46 | H9: 732691 | I9: =IF(H10="","",IF(H10=H9,"",(H10-H9))) -> 192 | J9: ME | K9: 2 | L9: 67780 | M9: =IF(L10="","",IF(L10=L9,"",(L10-L9))) -> 41 | N9: 171186 | O9: =IF(N10="","",IF(N10=N9,"",(N10-N9))) -> 42 | P9: 194713 | Q9: =IF(P10="","",IF(P10=P9,"",(P10-P9))) | R9: 656 | S9: 664 | T9: 137 | U9: 134 | V9: =IF(J9="","",J9) -> ME | W9: 2 | X9: 11388.78 | Y9: =IF(X10="","",IF(X10=X9,"",X10-X9)) -> 3.48 | Z9: 12158.99 | AA9: =IF(Z10="","",IF(Z10=Z9,"",Z10-Z9)) -> 4.22 | AB9: 9622.41 | AC9: =IF(AB10="","",IF(AB10=AB9,"",AB10-AB9)) -> 4.74 | AD9: 9712.12 | AE9: =IF(AD10="","",IF(AD10=AD9,"",AD10-AD9)) -> 0.4 | AF9: =IF(J9="","",J9) -> ME | AG9: 2 | AH9: 45422.59 | AI9: =IF(AH10="","",IF(AH10=AH9,"",AH10-AH9)) -> 11.52 | AJ9: 47557.87 | AK9: =IF(AJ10="","",IF(AJ10=AJ9,"",AJ10-AJ9)) -> 12.3 | AL9: 585.29 | AM9: =IF(AL10="","",IF(AL10=AL9,"",AL10-AL9)) | AN9: 546.34 | AO9: =IF(AN10="","",IF(AN10=AN9,"",AN10-AN9)) -> 0.04 | AP9: =IF(J9="","",J9) -> ME | AQ9: 2 | AR9: 6523.8 | AS9: =IF(AR10="","",IF(AR10=AR9,"",AR10-AR9)) -> 2.13 | AT9: 7235.66 | AU9: =IF(AT10="","",IF(AT10=AT9,"",AT10-AT9)) -> 1.63 | AV9: 248.67 | AW9: =IF(AV10="","",IF(AV10=AV9,"",AV10-AV9)) | AX9: 236.46 | AY9: =IF(AX10="","",IF(AX10=AX9,"",AX10-AX9)) -> 0.34 | AZ9: =IF(J9="","",J9) -> ME | BA9: 2 | BB9: 0.669 | BC9: 12 | BD9: 7.2 | BE9: 2.9 | BF9: 15.6 | BG9: 7.2 | BH9: 0.208 | BI9: 0.235 | BJ9: 0.047 | BK9: 0.048 | BL9: 0.046 | BM9: 0.056 | BN9: =IF(J9="","",J9) -> ME | BO9: 2 | BP9: 0.066 | BQ9: 0 | BR9: 7.3 | BS9: 6.7 | BT9: 17.2 | BU9: 0.012 | BV9: 1.27 | BW9: 1.11 | BX9: 0620 | BY9: 60 Livengood | BZ9: =IF(J9="","",J9) -> ME | CA9: 2 | CB9: 93.2 | CD9: =IF(CB10="","",IF(CC9="",IF(CB9=CB10,"",(CB9-CB10)),IF(CC9=CB10,"",(CC9-CB10)))) -> 1.5 | CE9: =IF(CD9="","",(CD9*(0.785*77*77)/1000)) -> 6.9813975 | CF9: =IF(CE9="","",(CE9*0.12*1000)/I9) -> 4.3633734 | CG9: 61 | CH9: 100 | CI9: =IF(J9="","",J9) -> ME | CJ9: 2 | CK9: 95.7 | CM9: =IF(CK10="","",IF(CL9="",IF(CK9=CK10,"",(CK9-CK10)),IF(CL9=CK10,"",(CL9-CK10)))) -> 3.4 | CN9: =IF(CM9="","",(CM9*(0.785*77*77)/1000)) -> 15.824501 | CO9: =IF(CN9="","",(CN9*0.33*1.205*1000)/C9) -> 24.484875 | CP9: 57 | CQ9: 83 | CR9: =IF(J9="","",J9) -> ME | CS9: 2 | CT9: 90.3 | CU9: 87.8 | CV9: =IF(CT10="","",IF(CU9="",IF(CT9=CT10,"",(CT9-CT10)),IF(CU9=CT10,"",(CU9-CT10)))) -> 2.5 | CW9: =IF(CV9="","",(CV9*(0.785*92*92)/1000)) -> 16.6106 | CX9: =IF(CW9="","",(CW9)/C9) -> 0.064632685 | CY9: 17/17 | CZ9: 100/100 | DA9: Y | DB9: =IF(J9="","",J9) -> ME | DC9: 2 | DD9: 79.4 | DE9: 104.7 | DF9: =IF(DD10="","",IF(DE9="",IF(DD9=DD10,"",(DD9-DD10)),IF(DE9=DD10,"",(DE9-DD10)))) -> 27 | DG9: =IF(DF9="","",(DF9*(0.785*92*92)*0.00812/1000)) -> 1.4566832 | DH9: =IF(DG9="","",(DG9*1000)/C9) -> 5.6680279 | DI9: 97 | DJ9: 54 | DK9: =IF(J9="","",J9) -> ME | DL9: 2 | DM9: 8.45 | DN9: 0.02 | DO9: 0.032 | DP9: 0.046 | DQ9: 6.76 | DR9: 6.7 | DS9: 1.279 | DT9: 83.6 | DU9: 4.12 | DV9: 0.683 | DW9: 0.454 | DX9: N | DY9: =IF(J9="","",J9) -> ME | DZ9: 2 | EA9: =IF(C9="","",C9/1496) -> 0.17179144 | EB9: =IF(F9="","",IF(Q9="",F9/1360,(F9+Q9)/1360)) -> 0.16617647 | EC9: =IF(I9="","",IF(C9="","",I9/C9)) -> 0.74708171 | ED9: 1.24 | EE9: 1.29 | EF9: 0.04 | EG9: 0.04 | EH9: =IF(J9="","",J9) -> ME | EI9: 2 | EJ9: Annual water chemistry sampling conducted (ME) | EQ9: =IF(J9="","",J9) -> ME
A10: 3 | B10: 865750 | C10: =IF(B11="","",IF(B11=B10,"",(B11-B10))) -> 199 | D10: 9.9 | E10: 770071 | F10: =IF(E11="","",IF(E11=E10,"",(E11-E10))) -> 220 | G10: 3.34 | H10: 732883 | I10: =IF(H11="","",IF(H11=H10,"",(H11-H10))) -> 177 | J10: ME | K10: 3 | L10: 67821 | M10: =IF(L11="","",IF(L11=L10,"",(L11-L10))) | N10: 171228 | O10: =IF(N11="","",IF(N11=N10,"",(N11-N10))) -> 51 | P10: 194713 | Q10: =IF(P11="","",IF(P11=P10,"",(P11-P10))) | R10: 656 | S10: 665 | T10: 137 | U10: 134 | V10: =IF(J10="","",J10) -> ME | W10: 3 | X10: 11392.26 | Y10: =IF(X11="","",IF(X11=X10,"",X11-X10)) -> 3.42 | Z10: 12163.21 | AA10: =IF(Z11="","",IF(Z11=Z10,"",Z11-Z10)) -> 2.43 | AB10: 9627.15 | AC10: =IF(AB11="","",IF(AB11=AB10,"",AB11-AB10)) -> 1.93 | AD10: 9712.52 | AE10: =IF(AD11="","",IF(AD11=AD10,"",AD11-AD10)) -> 2.76 | AF10: =IF(J10="","",J10) -> ME | AG10: 3 | AH10: 45434.11 | AI10: =IF(AH11="","",IF(AH11=AH10,"",AH11-AH10)) -> 12.49 | AJ10: 47570.17 | AK10: =IF(AJ11="","",IF(AJ11=AJ10,"",AJ11-AJ10)) -> 11.53 | AL10: 585.29 | AM10: =IF(AL11="","",IF(AL11=AL10,"",AL11-AL10)) | AN10: 546.38 | AO10: =IF(AN11="","",IF(AN11=AN10,"",AN11-AN10)) | AP10: =IF(J10="","",J10) -> ME | AQ10: 3 | AR10: 6525.93 | AS10: =IF(AR11="","",IF(AR11=AR10,"",AR11-AR10)) -> 2.4 | AT10: 7237.29 | AU10: =IF(AT11="","",IF(AT11=AT10,"",AT11-AT10)) -> 2.34 | AV10: 248.67 | AW10: =IF(AV11="","",IF(AV11=AV10,"",AV11-AV10)) | AX10: 236.8 | AY10: =IF(AX11="","",IF(AX11=AX10,"",AX11-AX10)) | AZ10: =IF(J10="","",J10) -> ME | BA10: 3 | BB10: 0.558 | BC10: 8 | BD10: 7.2 | BE10: 2.8 | BF10: 17.5 | BG10: 7.2 | BH10: 0.194 | BI10: 0.22 | BJ10: 0.051 | BK10: 0.054 | BL10: 0.049 | BM10: 0.049 | BN10: =IF(J10="","",J10) -> ME | BO10: 3 | BP10: 0.093 | BQ10: 0 | BR10: 7.2 | BS10: 6.6 | BT10: 18.6 | BU10: 0.015 | BV10: 1.35 | BW10: 1.21 | BX10: 0700 | BY10: 60 Livengood | BZ10: =IF(J10="","",J10) -> ME | CA10: 3 | CB10: 91.7 | CD10: =IF(CB11="","",IF(CC10="",IF(CB10=CB11,"",(CB10-CB11)),IF(CC10=CB11,"",(CC10-CB11)))) -> 1.5 | CE10: =IF(CD10="","",(CD10*(0.785*77*77)/1000)) -> 6.9813975 | CF10: =IF(CE10="","",(CE10*0.12*1000)/I10) -> 4.7331508 | CG10: 57 | CH10: 100 | CI10: =IF(J10="","",J10) -> ME | CJ10: 3 | CK10: 92.3 | CM10: =IF(CK11="","",IF(CL10="",IF(CK10=CK11,"",(CK10-CK11)),IF(CL10=CK11,"",(CL10-CK11)))) -> 2.3 | CN10: =IF(CM10="","",(CM10*(0.785*77*77)/1000)) -> 10.704809 | CO10: =IF(CN10="","",(CN10*0.33*1.205*1000)/C10) -> 21.390791 | CP10: 51 | CQ10: 83 | CR10: =IF(J10="","",J10) -> ME | CS10: 3 | CT10: 85.3 | CU10: 109.9 | CV10: =IF(CT11="","",IF(CU10="",IF(CT10=CT11,"",(CT10-CT11)),IF(CU10=CT11,"",(CU10-CT11)))) -> 2.2 | CW10: =IF(CV10="","",(CV10*(0.785*92*92)/1000)) -> 14.617328 | CX10: =IF(CW10="","",(CW10)/C10) -> 0.07345391 | CY10: 17/17 | CZ10: 100/100 | DB10: =IF(J10="","",J10) -> ME | DC10: 3 | DD10: 77.7 | DE10: 102.8 | DF10: =IF(DD11="","",IF(DE10="",IF(DD10=DD11,"",(DD10-DD11)),IF(DE10=DD11,"",(DE10-DD11)))) -> 22 | DG10: =IF(DF10="","",(DF10*(0.785*92*92)*0.00812/1000)) -> 1.186927 | DH10: =IF(DG10="","",(DG10*1000)/C10) -> 5.9644575 | DI10: 93 | DJ10: 54 | DK10: =IF(J10="","",J10) -> ME | DL10: 3 | DM10: 8.86 | DN10: 0.019 | DO10: 0.034 | DP10: 0.071 | DQ10: 6.76 | DR10: 6.6 | DS10: 1.273 | DT10: 83.7 | DU10: 4.13 | DV10: 1.608 | DW10: 0.683 | DX10: Y | DY10: =IF(J10="","",J10) -> ME | DZ10: 3 | EA10: =IF(C10="","",C10/1496) -> 0.13302139 | EB10: =IF(F10="","",IF(Q10="",F10/1360,(F10+Q10)/1360)) -> 0.16176471 | EC10: =IF(I10="","",IF(C10="","",I10/C10)) -> 0.88944724 | ED10: 0.98 | EE10: 1.28 | EF10: 0.04 | EG10: 0.04 | EH10: =IF(J10="","",J10) -> ME | EI10: 3 | EQ10: =IF(J10="","",J10) -> ME
A11: 4 | B11: 865949 | C11: =IF(B12="","",IF(B12=B11,"",(B12-B11))) -> 285 | D11: 9.52 | E11: 770291 | F11: =IF(E12="","",IF(E12=E11,"",(E12-E11))) -> 219 | G11: 2.9 | H11: 733060 | I11: =IF(H12="","",IF(H12=H11,"",(H12-H11))) -> 252 | J11: ME | K11: 4 | L11: 67821 | M11: =IF(L12="","",IF(L12=L11,"",(L12-L11))) -> 1 | N11: 171279 | O11: =IF(N12="","",IF(N12=N11,"",(N12-N11))) -> 37 | P11: 194713 | Q11: =IF(P12="","",IF(P12=P11,"",(P12-P11))) | R11: 656 | S11: 665 | T11: 137 | U11: 134 | V11: =IF(J11="","",J11) -> ME | W11: 4 | X11: 11395.68 | Y11: =IF(X12="","",IF(X12=X11,"",X12-X11)) -> 5.94 | Z11: 12165.64 | AA11: =IF(Z12="","",IF(Z12=Z11,"",Z12-Z11)) -> 2.38 | AB11: 9629.08 | AC11: =IF(AB12="","",IF(AB12=AB11,"",AB12-AB11)) -> 1.9 | AD11: 9715.28 | AE11: =IF(AD12="","",IF(AD12=AD11,"",AD12-AD11)) -> 4.8 | AF11: =IF(J11="","",J11) -> ME | AG11: 4 | AH11: 45446.6 | AI11: =IF(AH12="","",IF(AH12=AH11,"",AH12-AH11)) -> 11.31 | AJ11: 47581.7 | AK11: =IF(AJ12="","",IF(AJ12=AJ11,"",AJ12-AJ11)) -> 12.47 | AL11: 585.29 | AM11: =IF(AL12="","",IF(AL12=AL11,"",AL12-AL11)) | AN11: 546.38 | AO11: =IF(AN12="","",IF(AN12=AN11,"",AN12-AN11)) | AP11: =IF(J11="","",J11) -> ME | AQ11: 4 | AR11: 6528.33 | AS11: =IF(AR12="","",IF(AR12=AR11,"",AR12-AR11)) -> 2.12 | AT11: 7239.63 | AU11: =IF(AT12="","",IF(AT12=AT11,"",AT12-AT11)) -> 2.05 | AV11: 248.67 | AW11: =IF(AV12="","",IF(AV12=AV11,"",AV12-AV11)) | AX11: 236.8 | AY11: =IF(AX12="","",IF(AX12=AX11,"",AX12-AX11)) | AZ11: =IF(J11="","",J11) -> ME | BA11: 4 | BB11: 0.524 | BC11: 31 | BD11: 7.3 | BE11: 2.8 | BF11: 16.1 | BG11: 7.3 | BH11: 0.189 | BI11: 0.192 | BJ11: 0.051 | BK11: 0.054 | BL11: 0.048 | BM11: 0.054 | BN11: =IF(J11="","",J11) -> ME | BO11: 4 | BP11: 0.076 | BQ11: 0 | BR11: 7.3 | BS11: 6.6 | BT11: 17.7 | BU11: 0.013 | BV11: 1.23 | BW11: 1.16 | BX11: 0650 | BY11: 60 Livengood | BZ11: =IF(J11="","",J11) -> ME | CA11: 4 | CB11: 90.2 | CD11: =IF(CB12="","",IF(CC11="",IF(CB11=CB12,"",(CB11-CB12)),IF(CC11=CB12,"",(CC11-CB12)))) -> 1.7 | CE11: =IF(CD11="","",(CD11*(0.785*77*77)/1000)) -> 7.9122505 | CF11: =IF(CE11="","",(CE11*0.12*1000)/I11) -> 3.7677383 | CG11: 57 | CH11: 100 | CI11: =IF(J11="","",J11) -> ME | CJ11: 4 | CK11: 90 | CM11: =IF(CK12="","",IF(CL11="",IF(CK11=CK12,"",(CK11-CK12)),IF(CL11=CK12,"",(CL11-CK12)))) -> 3.6 | CN11: =IF(CM11="","",(CM11*(0.785*77*77)/1000)) -> 16.755354 | CO11: =IF(CN11="","",(CN11*0.33*1.205*1000)/C11) -> 23.378128 | CP11: 54 | CQ11: 83 | CR11: =IF(J11="","",J11) -> ME | CS11: 4 | CT11: 107.7 | CU11: 103.6 | CV11: =IF(CT12="","",IF(CU11="",IF(CT11=CT12,"",(CT11-CT12)),IF(CU11=CT12,"",(CU11-CT12)))) -> 2.9 | CW11: =IF(CV11="","",(CV11*(0.785*92*92)/1000)) -> 19.268296 | CX11: =IF(CW11="","",(CW11)/C11) -> 0.067608056 | CY11: 16/16 | CZ11: 100/100 | DA11: Y | DB11: =IF(J11="","",J11) -> ME | DC11: 4 | DD11: 80.8 | DE11: 104.2 | DF11: =IF(DD12="","",IF(DE11="",IF(DD11=DD12,"",(DD11-DD12)),IF(DE11=DD12,"",(DE11-DD12)))) -> 30.7 | DG11: =IF(DF11="","",(DF11*(0.785*92*92)*0.00812/1000)) -> 1.6563027 | DH11: =IF(DG11="","",(DG11*1000)/C11) -> 5.8115885 | DI11: 90 | DJ11: 54 | DK11: =IF(J11="","",J11) -> ME | DL11: 4 | DM11: 8.78 | DN11: 0.019 | DO11: 0.034 | DP11: 0.056 | DQ11: 6.77 | DR11: 6.6 | DS11: 1.253 | DT11: 86.5 | DU11: 4.12 | DV11: 0.858 | DW11: 0.576 | DX11: Y | DY11: =IF(J11="","",J11) -> ME | DZ11: 4 | EA11: =IF(C11="","",C11/1496) -> 0.19050802 | EB11: =IF(F11="","",IF(Q11="",F11/1360,(F11+Q11)/1360)) -> 0.16102941 | EC11: =IF(I11="","",IF(C11="","",I11/C11)) -> 0.88421053 | ED11: 1.17 | EE11: 1.27 | EF11: 0.04 | EG11: 0.04 | EH11: =IF(J11="","",J11) -> ME | EI11: 4 | EQ11: =IF(J11="","",J11) -> ME
A12: 5 | B12: 866234 | C12: =IF(B13="","",IF(B13=B12,"",(B13-B12))) -> 272 | D12: 9.83 | E12: 770510 | F12: =IF(E13="","",IF(E13=E12,"",(E13-E12))) -> 275 | G12: 3.73 | H12: 733312 | I12: =IF(H13="","",IF(H13=H12,"",(H13-H12))) -> 206 | J12: SA/ME | K12: 5 | L12: 67822 | M12: =IF(L13="","",IF(L13=L12,"",(L13-L12))) -> 41 | N12: 171316 | O12: =IF(N13="","",IF(N13=N12,"",(N13-N12))) -> 44 | P12: 194713 | Q12: =IF(P13="","",IF(P13=P12,"",(P13-P12))) | R12: 656 | S12: 665 | T12: 137 | U12: 134 | V12: =IF(J12="","",J12) -> SA/ME | W12: 5 | X12: 11401.62 | Y12: =IF(X13="","",IF(X13=X12,"",X13-X12)) -> 2.66 | Z12: 12168.02 | AA12: =IF(Z13="","",IF(Z13=Z12,"",Z13-Z12)) -> 5.14 | AB12: 9630.98 | AC12: =IF(AB13="","",IF(AB13=AB12,"",AB13-AB12)) -> 2.95 | AD12: 9720.08 | AE12: =IF(AD13="","",IF(AD13=AD12,"",AD13-AD12)) -> 2.64 | AF12: =IF(J12="","",J12) -> SA/ME | AG12: 5 | AH12: 45457.91 | AI12: =IF(AH13="","",IF(AH13=AH12,"",AH13-AH12)) -> 12.78 | AJ12: 47594.17 | AK12: =IF(AJ13="","",IF(AJ13=AJ12,"",AJ13-AJ12)) -> 15.97 | AL12: 585.29 | AM12: =IF(AL13="","",IF(AL13=AL12,"",AL13-AL12)) | AN12: 546.38 | AO12: =IF(AN13="","",IF(AN13=AN12,"",AN13-AN12)) | AP12: =IF(J12="","",J12) -> SA/ME | AQ12: 5 | AR12: 6530.45 | AS12: =IF(AR13="","",IF(AR13=AR12,"",AR13-AR12)) -> 2.4 | AT12: 7241.68 | AU12: =IF(AT13="","",IF(AT13=AT12,"",AT13-AT12)) -> 2.46 | AV12: 248.67 | AW12: =IF(AV13="","",IF(AV13=AV12,"",AV13-AV12)) -> 0.34 | AX12: 236.8 | AY12: =IF(AX13="","",IF(AX13=AX12,"",AX13-AX12)) | AZ12: =IF(J12="","",J12) -> SA/ME | BA12: 5 | BB12: 0.535 | BC12: 33 | BD12: 7.2 | BE12: 2.9 | BF12: 16.2 | BG12: 7.2 | BH12: 0.241 | BI12: 0.22 | BJ12: 0.053 | BK12: 0.049 | BL12: 0.058 | BM12: 0.048 | BN12: =IF(J12="","",J12) -> SA/ME | BO12: 5 | BP12: 0.074 | BQ12: 0 | BR12: 7.3 | BS12: 6.5 | BT12: 17.2 | BU12: 0.011 | BV12: 1.29 | BW12: 1.15 | BX12: 1255 | BY12: 32 Willow St | BZ12: =IF(J12="","",J12) -> SA/ME | CA12: 5 | CB12: 88.5 | CD12: =IF(CB13="","",IF(CC12="",IF(CB12=CB13,"",(CB12-CB13)),IF(CC12=CB13,"",(CC12-CB13)))) -> 1.7 | CE12: =IF(CD12="","",(CD12*(0.785*77*77)/1000)) -> 7.9122505 | CF12: =IF(CE12="","",(CE12*0.12*1000)/I12) -> 4.609078 | CG12: 57 | CH12: 100 | CI12: =IF(J12="","",J12) -> SA/ME | CJ12: 5 | CK12: 86.4 | CM12: =IF(CK13="","",IF(CL12="",IF(CK12=CK13,"",(CK12-CK13)),IF(CL12=CK13,"",(CL12-CK13)))) -> 3.4 | CN12: =IF(CM12="","",(CM12*(0.785*77*77)/1000)) -> 15.824501 | CO12: =IF(CN12="","",(CN12*0.33*1.205*1000)/C12) -> 23.134606 | CP12: 54 | CQ12: 83 | CR12: =IF(J12="","",J12) -> SA/ME | CS12: 5 | CT12: 100.7 | CV12: =IF(CT13="","",IF(CU12="",IF(CT12=CT13,"",(CT12-CT13)),IF(CU12=CT13,"",(CU12-CT13)))) -> 2.8 | CW12: =IF(CV12="","",(CV12*(0.785*92*92)/1000)) -> 18.603872 | CX12: =IF(CW12="","",(CW12)/C12) -> 0.068396588 | CY12: 16/16 | CZ12: 100/100 | DB12: =IF(J12="","",J12) -> SA/ME | DC12: 5 | DD12: 73.5 | DE12: 106 | DF12: =IF(DD13="","",IF(DE12="",IF(DD12=DD13,"",(DD12-DD13)),IF(DE12=DD13,"",(DE12-DD13)))) -> 21.6 | DG12: =IF(DF12="","",(DF12*(0.785*92*92)*0.00812/1000)) -> 1.1653465 | DH12: =IF(DG12="","",(DG12*1000)/C12) -> 4.2843623 | DI12: 90 | DJ12: 54 | DK12: =IF(J12="","",J12) -> SA/ME | DL12: 5 | DM12: 8.8 | DN12: 0.01 | DO12: 0.035 | DP12: 0.048 | DQ12: 6.76 | DR12: 6.5 | DS12: 1.223 | DT12: 83.8 | DU12: 4.36 | DV12: 0.698 | DW12: 0.941 | DX12: Y | DY12: =IF(J12="","",J12) -> SA/ME | DZ12: 5 | EA12: =IF(C12="","",C12/1496) -> 0.18181818 | EB12: =IF(F12="","",IF(Q12="",F12/1360,(F12+Q12)/1360)) -> 0.20220588 | EC12: =IF(I12="","",IF(C12="","",I12/C12)) -> 0.75735294 | ED12: 1.17 | EE12: 1.25 | EF12: 0.03 | EG12: 0.04 | EH12: =IF(J12="","",J12) -> SA/ME | EI12: 5 | EQ12: =IF(J12="","",J12) -> SA/ME
A13: 6 | B13: 866506 | C13: =IF(B14="","",IF(B14=B13,"",(B14-B13))) -> 230 | D13: 9.91 | E13: 770785 | F13: =IF(E14="","",IF(E14=E13,"",(E14-E13))) -> 220 | G13: 1.84 | H13: 733518 | I13: =IF(H14="","",IF(H14=H13,"",(H14-H13))) -> 194 | J13: SA/ME | K13: 6 | L13: 67863 | M13: =IF(L14="","",IF(L14=L13,"",(L14-L13))) | N13: 171360 | O13: =IF(N14="","",IF(N14=N13,"",(N14-N13))) -> 50 | P13: 194713 | Q13: =IF(P14="","",IF(P14=P13,"",(P14-P13))) | R13: 657 | S13: 665 | T13: 137 | U13: 134 | V13: =IF(J13="","",J13) -> SA/ME | W13: 6 | X13: 11404.28 | Y13: =IF(X14="","",IF(X14=X13,"",X14-X13)) -> 4.7 | Z13: 12173.16 | AA13: =IF(Z14="","",IF(Z14=Z13,"",Z14-Z13)) -> 2.38 | AB13: 9633.93 | AC13: =IF(AB14="","",IF(AB14=AB13,"",AB14-AB13)) -> 1.8 | AD13: 9722.72 | AE13: =IF(AD14="","",IF(AD14=AD13,"",AD14-AD13)) -> 3.25 | AF13: =IF(J13="","",J13) -> SA/ME | AG13: 6 | AH13: 45470.69 | AI13: =IF(AH14="","",IF(AH14=AH13,"",AH14-AH13)) -> 15.45 | AJ13: 47610.14 | AK13: =IF(AJ14="","",IF(AJ14=AJ13,"",AJ14-AJ13)) -> 8.03 | AL13: 585.29 | AM13: =IF(AL14="","",IF(AL14=AL13,"",AL14-AL13)) | AN13: 546.38 | AO13: =IF(AN14="","",IF(AN14=AN13,"",AN14-AN13)) | AP13: =IF(J13="","",J13) -> SA/ME | AQ13: 6 | AR13: 6532.85 | AS13: =IF(AR14="","",IF(AR14=AR13,"",AR14-AR13)) -> 1.79 | AT13: 7244.14 | AU13: =IF(AT14="","",IF(AT14=AT13,"",AT14-AT13)) -> 1.98 | AV13: 249.01 | AW13: =IF(AV14="","",IF(AV14=AV13,"",AV14-AV13)) | AX13: 236.8 | AY13: =IF(AX14="","",IF(AX14=AX13,"",AX14-AX13)) | AZ13: =IF(J13="","",J13) -> SA/ME | BA13: 6 | BN13: =IF(J13="","",J13) -> SA/ME | BO13: 6 | BP13: 0.078 | BQ13: 0 | BR13: 7.3 | BS13: 6.5 | BT13: 18.1 | BU13: 0.009 | BV13: 1.3 | BW13: 1.12 | BX13: 1530 | BY13: 32 Willow St | BZ13: =IF(J13="","",J13) -> SA/ME | CA13: 6 | CB13: 86.8 | CD13: =IF(CB14="","",IF(CC13="",IF(CB13=CB14,"",(CB13-CB14)),IF(CC13=CB14,"",(CC13-CB14)))) -> 1.7 | CE13: =IF(CD13="","",(CD13*(0.785*77*77)/1000)) -> 7.9122505 | CF13: =IF(CE13="","",(CE13*0.12*1000)/I13) -> 4.8941756 | CG13: 57 | CH13: 100 | CI13: =IF(J13="","",J13) -> SA/ME | CJ13: 6 | CK13: 83 | CM13: =IF(CK14="","",IF(CL13="",IF(CK13=CK14,"",(CK13-CK14)),IF(CL13=CK14,"",(CL13-CK14)))) -> 2.8 | CN13: =IF(CM13="","",(CM13*(0.785*77*77)/1000)) -> 13.031942 | CO13: =IF(CN13="","",(CN13*0.33*1.205*1000)/C13) -> 22.531095 | CP13: 54 | CQ13: 83 | CR13: =IF(J13="","",J13) -> SA/ME | CS13: 6 | CT13: 97.9 | CV13: =IF(CT14="","",IF(CU13="",IF(CT13=CT14,"",(CT13-CT14)),IF(CU13=CT14,"",(CU13-CT14)))) -> 2.4 | CW13: =IF(CV13="","",(CV13*(0.785*92*92)/1000)) -> 15.946176 | CX13: =IF(CW13="","",(CW13)/C13) -> 0.0693312 | CY13: 16/16 | CZ13: 100/100 | DB13: =IF(J13="","",J13) -> SA/ME | DC13: 6 | DD13: 84.4 | DE13: 105.3 | DF13: =IF(DD14="","",IF(DE13="",IF(DD13=DD14,"",(DD13-DD14)),IF(DE13=DD14,"",(DE13-DD14)))) -> 9.4 | DG13: =IF(DF13="","",(DF13*(0.785*92*92)*0.00812/1000)) -> 0.50714155 | DH13: =IF(DG13="","",(DG13*1000)/C13) -> 2.2049633 | DI13: 90 | DJ13: 54 | DK13: =IF(J13="","",J13) -> SA/ME | DL13: 6 | DM13: 8.11 | DN13: 0.009 | DO13: 0.033 | DP13: 0.045 | DQ13: 6.76 | DR13: 6.5 | DS13: 1.179 | DT13: 85.9 | DU13: 4.25 | DV13: 2.054 | DW13: 0.854 | DX13: Y | DY13: =IF(J13="","",J13) -> SA/ME | DZ13: 6 | EA13: =IF(C13="","",C13/1496) -> 0.15374332 | EB13: =IF(F13="","",IF(Q13="",F13/1360,(F13+Q13)/1360)) -> 0.16176471 | EC13: =IF(I13="","",IF(C13="","",I13/C13)) -> 0.84347826 | ED13: 1.16 | EE13: 1.2 | EF13: 0.04 | EG13: 0.05 | EH13: =IF(J13="","",J13) -> SA/ME | EI13: 6 | EQ13: =IF(J13="","",J13) -> SA/ME
A14: 7 | B14: 866736 | C14: =IF(B15="","",IF(B15=B14,"",(B15-B14))) -> 163 | D14: 9.88 | E14: 771005 | F14: =IF(E15="","",IF(E15=E14,"",(E15-E14))) -> 153 | G14: 2.07 | H14: 733712 | I14: =IF(H15="","",IF(H15=H14,"",(H15-H14))) -> 142 | J14: SA/ME | K14: 7 | L14: 67863 | M14: =IF(L15="","",IF(L15=L14,"",(L15-L14))) | N14: 171410 | O14: =IF(N15="","",IF(N15=N14,"",(N15-N14))) -> 34 | P14: 194713 | Q14: =IF(P15="","",IF(P15=P14,"",(P15-P14))) | R14: 657 | S14: 665 | T14: 137 | U14: 134 | V14: =IF(J14="","",J14) -> SA/ME | W14: 7 | X14: 11408.98 | Y14: =IF(X15="","",IF(X15=X14,"",X15-X14)) -> 2.1 | Z14: 12175.54 | AA14: =IF(Z15="","",IF(Z15=Z14,"",Z15-Z14)) -> 2.45 | AB14: 9635.73 | AC14: =IF(AB15="","",IF(AB15=AB14,"",AB15-AB14)) -> 1.97 | AD14: 9725.97 | AE14: =IF(AD15="","",IF(AD15=AD14,"",AD15-AD14)) -> 1.82 | AF14: =IF(J14="","",J14) -> SA/ME | AG14: 7 | AH14: 45486.14 | AI14: =IF(AH15="","",IF(AH15=AH14,"",AH15-AH14)) -> 8.47 | AJ14: 47618.17 | AK14: =IF(AJ15="","",IF(AJ15=AJ14,"",AJ15-AJ14)) -> 8.28 | AL14: 585.29 | AM14: =IF(AL15="","",IF(AL15=AL14,"",AL15-AL14)) | AN14: 546.38 | AO14: =IF(AN15="","",IF(AN15=AN14,"",AN15-AN14)) | AP14: =IF(J14="","",J14) -> SA/ME | AQ14: 7 | AR14: 6534.64 | AS14: =IF(AR15="","",IF(AR15=AR14,"",AR15-AR14)) -> 1.8 | AT14: 7246.12 | AU14: =IF(AT15="","",IF(AT15=AT14,"",AT15-AT14)) -> 1.61 | AV14: 249.01 | AW14: =IF(AV15="","",IF(AV15=AV14,"",AV15-AV14)) | AX14: 236.8 | AY14: =IF(AX15="","",IF(AX15=AX14,"",AX15-AX14)) | AZ14: =IF(J14="","",J14) -> SA/ME | BA14: 7 | BN14: =IF(J14="","",J14) -> SA/ME | BO14: 7 | BP14: 0.067 | BQ14: 0 | BR14: 7.3 | BS14: 6.5 | BT14: 18.4 | BU14: 0.007 | BV14: 1.29 | BW14: 1.11 | BX14: 1500 | BY14: 32 Willow St | BZ14: =IF(J14="","",J14) -> SA/ME | CA14: 7 | CB14: 85.1 | CD14: =IF(CB15="","",IF(CC14="",IF(CB14=CB15,"",(CB14-CB15)),IF(CC14=CB15,"",(CC14-CB15)))) -> 1.2 | CE14: =IF(CD14="","",(CD14*(0.785*77*77)/1000)) -> 5.585118 | CF14: =IF(CE14="","",(CE14*0.12*1000)/I14) -> 4.719818 | CG14: 57 | CH14: 100 | CI14: =IF(J14="","",J14) -> SA/ME | CJ14: 7 | CK14: 80.2 | CM14: =IF(CK15="","",IF(CL14="",IF(CK14=CK15,"",(CK14-CK15)),IF(CL14=CK15,"",(CL14-CK15)))) -> 2 | CN14: =IF(CM14="","",(CM14*(0.785*77*77)/1000)) -> 9.30853 | CO14: =IF(CN14="","",(CN14*0.33*1.205*1000)/C14) -> 22.708816 | CP14: 54 | CQ14: 83 | CR14: =IF(J14="","",J14) -> SA/ME | CS14: 7 | CT14: 95.5 | CV14: =IF(CT15="","",IF(CU14="",IF(CT14=CT15,"",(CT14-CT15)),IF(CU14=CT15,"",(CU14-CT15)))) -> 1.6 | CW14: =IF(CV14="","",(CV14*(0.785*92*92)/1000)) -> 10.630784 | CX14: =IF(CW14="","",(CW14)/C14) -> 0.065219534 | CY14: 16/16 | CZ14: 100/100 | DB14: =IF(J14="","",J14) -> SA/ME | DC14: 7 | DD14: 95.9 | DE14: 106.1 | DF14: =IF(DD15="","",IF(DE14="",IF(DD14=DD15,"",(DD14-DD15)),IF(DE14=DD15,"",(DE14-DD15)))) -> 6.4 | DG14: =IF(DF14="","",(DF14*(0.785*92*92)*0.00812/1000)) -> 0.34528786 | DH14: =IF(DG14="","",(DG14*1000)/C14) -> 2.1183305 | DI14: 90 | DJ14: 54 | DK14: =IF(J14="","",J14) -> SA/ME | DL14: 7 | DM14: 8.5 | DN14: 0.013 | DO14: 0.033 | DP14: 0.044 | DQ14: 6.76 | DR14: 6.5 | DS14: 1.172 | DT14: 82.5 | DU14: 4.31 | DV14: 1.423 | DW14: 0.541 | DX14: Y | DY14: =IF(J14="","",J14) -> SA/ME | DZ14: 7 | EA14: =IF(C14="","",C14/1496) -> 0.10895722 | EB14: =IF(F14="","",IF(Q14="",F14/1360,(F14+Q14)/1360)) -> 0.1125 | EC14: =IF(I14="","",IF(C14="","",I14/C14)) -> 0.87116564 | ED14: 1.13 | EE14: 1.18 | EF14: 0.03 | EG14: 0.04 | EH14: =IF(J14="","",J14) -> SA/ME | EI14: 7 | EQ14: =IF(J14="","",J14) -> SA/ME
A15: 8 | B15: 866899 | C15: =IF(B16="","",IF(B16=B15,"",(B16-B15))) -> 233 | D15: 9.38 | E15: 771158 | F15: =IF(E16="","",IF(E16=E15,"",(E16-E15))) -> 271 | G15: 1.96 | H15: 733854 | I15: =IF(H16="","",IF(H16=H15,"",(H16-H15))) -> 166 | J15: ME | K15: 8 | L15: 67863 | M15: =IF(L16="","",IF(L16=L15,"",(L16-L15))) -> 41 | N15: 171444 | O15: =IF(N16="","",IF(N16=N15,"",(N16-N15))) -> 57 | P15: 194713 | Q15: =IF(P16="","",IF(P16=P15,"",(P16-P15))) | R15: 657 | S15: 665 | T15: 137 | U15: 134 | V15: =IF(J15="","",J15) -> ME | W15: 8 | X15: 11411.08 | Y15: =IF(X16="","",IF(X16=X15,"",X16-X15)) -> 2.43 | Z15: 12177.99 | AA15: =IF(Z16="","",IF(Z16=Z15,"",Z16-Z15)) -> 4.74 | AB15: 9637.7 | AC15: =IF(AB16="","",IF(AB16=AB15,"",AB16-AB15)) -> 3.81 | AD15: 9727.79 | AE15: =IF(AD16="","",IF(AD16=AD15,"",AD16-AD15)) -> 0.61 | AF15: =IF(J15="","",J15) -> ME | AG15: 8 | AH15: 45494.61 | AI15: =IF(AH16="","",IF(AH16=AH15,"",AH16-AH15)) -> 12.16 | AJ15: 47626.45 | AK15: =IF(AJ16="","",IF(AJ16=AJ15,"",AJ16-AJ15)) -> 15.73 | AL15: 585.29 | AM15: =IF(AL16="","",IF(AL16=AL15,"",AL16-AL15)) -> 0.05 | AN15: 546.38 | AO15: =IF(AN16="","",IF(AN16=AN15,"",AN16-AN15)) | AP15: =IF(J15="","",J15) -> ME | AQ15: 8 | AR15: 6536.44 | AS15: =IF(AR16="","",IF(AR16=AR15,"",AR16-AR15)) -> 2.72 | AT15: 7247.73 | AU15: =IF(AT16="","",IF(AT16=AT15,"",AT16-AT15)) -> 2.75 | AV15: 249.01 | AW15: =IF(AV16="","",IF(AV16=AV15,"",AV16-AV15)) | AX15: 236.8 | AY15: =IF(AX16="","",IF(AX16=AX15,"",AX16-AX15)) -> 0.34 | AZ15: =IF(J15="","",J15) -> ME | BA15: 8 | BB15: 0.52 | BC15: 37 | BD15: 7.2 | BE15: 2.7 | BF15: 16.9 | BG15: 7.2 | BH15: 0.369 | BI15: 0.385 | BJ15: 0.059 | BK15: 0.066 | BL15: 0.055 | BM15: 0.057 | BN15: =IF(J15="","",J15) -> ME | BO15: 8 | BP15: 0.065 | BQ15: 0 | BR15: 7.2 | BS15: 6.5 | BT15: 18 | BU15: 0.008 | BV15: 1.23 | BW15: 1.08 | BX15: 0620 | BY15: 60 Livengood | BZ15: =IF(J15="","",J15) -> ME | CA15: 8 | CB15: 83.9 | CC15: 96.8 | CD15: =IF(CB16="","",IF(CC15="",IF(CB15=CB16,"",(CB15-CB16)),IF(CC15=CB16,"",(CC15-CB16)))) -> 1.5 | CE15: =IF(CD15="","",(CD15*(0.785*77*77)/1000)) -> 6.9813975 | CF15: =IF(CE15="","",(CE15*0.12*1000)/I15) -> 5.0467934 | CG15: 57 | CH15: 100 | CI15: =IF(J15="","",J15) -> ME | CJ15: 8 | CK15: 78.2 | CL15: 98.1 | CM15: =IF(CK16="","",IF(CL15="",IF(CK15=CK16,"",(CK15-CK16)),IF(CL15=CK16,"",(CL15-CK16)))) -> 2.8 | CN15: =IF(CM15="","",(CM15*(0.785*77*77)/1000)) -> 13.031942 | CO15: =IF(CN15="","",(CN15*0.33*1.205*1000)/C15) -> 22.240995 | CP15: 53 | CQ15: 83 | CR15: =IF(J15="","",J15) -> ME | CS15: 8 | CT15: 93.9 | CV15: =IF(CT16="","",IF(CU15="",IF(CT15=CT16,"",(CT15-CT16)),IF(CU15=CT16,"",(CU15-CT16)))) -> 2.4 | CW15: =IF(CV15="","",(CV15*(0.785*92*92)/1000)) -> 15.946176 | CX15: =IF(CW15="","",(CW15)/C15) -> 0.068438524 | CY15: 16/16 | CZ15: 100/100 | DB15: =IF(J15="","",J15) -> ME | DC15: 8 | DD15: 99.7 | DF15: =IF(DD16="","",IF(DE15="",IF(DD15=DD16,"",(DD15-DD16)),IF(DE15=DD16,"",(DE15-DD16)))) -> 5.2 | DG15: =IF(DF15="","",(DF15*(0.785*92*92)*0.00812/1000)) -> 0.28054639 | DH15: =IF(DG15="","",(DG15*1000)/C15) -> 1.2040618 | DI15: 90 | DJ15: 54 | DK15: =IF(J15="","",J15) -> ME | DL15: 8 | DM15: 8.35 | DN15: 0.018 | DO15: 0.033 | DP15: 0.044 | DQ15: 6.77 | DR15: 6.5 | DS15: 1.17 | DT15: 85.7 | DU15: 4.39 | DV15: 1.088 | DW15: 0.453 | DX15: Y | DY15: =IF(J15="","",J15) -> ME | DZ15: 8 | EA15: =IF(C15="","",C15/1496) -> 0.15574866 | EB15: =IF(F15="","",IF(Q15="",F15/1360,(F15+Q15)/1360)) -> 0.19926471 | EC15: =IF(I15="","",IF(C15="","",I15/C15)) -> 0.71244635 | ED15: 1.14 | EE15: 1.18 | EF15: 0.04 | EG15: 0.07 | EH15: =IF(J15="","",J15) -> ME | EI15: 8 | EJ15: SAI Paper Audit | EQ15: =IF(J15="","",J15) -> ME
A16: 9 | B16: 867132 | C16: =IF(B17="","",IF(B17=B16,"",(B17-B16))) -> 191 | D16: 9.52 | E16: 771429 | F16: =IF(E17="","",IF(E17=E16,"",(E17-E16))) -> 184 | G16: 2.47 | H16: 734020 | I16: =IF(H17="","",IF(H17=H16,"",(H17-H16))) -> 164 | J16: ME | K16: 9 | L16: 67904 | M16: =IF(L17="","",IF(L17=L16,"",(L17-L16))) | N16: 171501 | O16: =IF(N17="","",IF(N17=N16,"",(N17-N16))) -> 44 | P16: 194713 | Q16: =IF(P17="","",IF(P17=P16,"",(P17-P16))) | R16: 657 | S16: 666 | T16: 137 | U16: 134 | V16: =IF(J16="","",J16) -> ME | W16: 9 | X16: 11413.51 | Y16: =IF(X17="","",IF(X17=X16,"",X17-X16)) -> 2.99 | Z16: 12182.73 | AA16: =IF(Z17="","",IF(Z17=Z16,"",Z17-Z16)) -> 2.79 | AB16: 9641.51 | AC16: =IF(AB17="","",IF(AB17=AB16,"",AB17-AB16)) -> 1.99 | AD16: 9728.4 | AE16: =IF(AD17="","",IF(AD17=AD16,"",AD17-AD16)) -> 2.64 | AF16: =IF(J16="","",J16) -> ME | AG16: 9 | AH16: 45506.77 | AI16: =IF(AH17="","",IF(AH17=AH16,"",AH17-AH16)) -> 11.85 | AJ16: 47642.18 | AK16: =IF(AJ17="","",IF(AJ17=AJ16,"",AJ17-AJ16)) -> 8.37 | AL16: 585.34 | AM16: =IF(AL17="","",IF(AL17=AL16,"",AL17-AL16)) | AN16: 546.38 | AO16: =IF(AN17="","",IF(AN17=AN16,"",AN17-AN16)) | AP16: =IF(J16="","",J16) -> ME | AQ16: 9 | AR16: 6539.16 | AS16: =IF(AR17="","",IF(AR17=AR16,"",AR17-AR16)) -> 1.68 | AT16: 7250.48 | AU16: =IF(AT17="","",IF(AT17=AT16,"",AT17-AT16)) -> 2.25 | AV16: 249.01 | AW16: =IF(AV17="","",IF(AV17=AV16,"",AV17-AV16)) | AX16: 237.14 | AY16: =IF(AX17="","",IF(AX17=AX16,"",AX17-AX16)) | AZ16: =IF(J16="","",J16) -> ME | BA16: 9 | BB16: 0.52 | BC16: 27 | BD16: 7.2 | BE16: 2.7 | BF16: 16.7 | BG16: 7.2 | BH16: 0.303 | BI16: 0.341 | BJ16: 0.046 | BK16: 0.066 | BL16: 0.047 | BM16: 0.052 | BN16: =IF(J16="","",J16) -> ME | BO16: 9 | BP16: 0.083 | BQ16: 0 | BR16: 7.3 | BS16: 6.4 | BT16: 18.2 | BU16: 0.016 | BV16: 1.28 | BW16: 1.16 | BX16: 0620 | BY16: 60 Livengood | BZ16: =IF(J16="","",J16) -> ME | CA16: 9 | CB16: 95.3 | CD16: =IF(CB17="","",IF(CC16="",IF(CB16=CB17,"",(CB16-CB17)),IF(CC16=CB17,"",(CC16-CB17)))) -> 1.4 | CE16: =IF(CD16="","",(CD16*(0.785*77*77)/1000)) -> 6.515971 | CF16: =IF(CE16="","",(CE16*0.12*1000)/I16) -> 4.7677837 | CG16: 57 | CH16: 100 | CI16: =IF(J16="","",J16) -> ME | CJ16: 9 | CK16: 95.3 | CM16: =IF(CK17="","",IF(CL16="",IF(CK16=CK17,"",(CK16-CK17)),IF(CL16=CK17,"",(CL16-CK17)))) -> 2.3 | CN16: =IF(CM16="","",(CM16*(0.785*77*77)/1000)) -> 10.704809 | CO16: =IF(CN16="","",(CN16*0.33*1.205*1000)/C16) -> 22.286741 | CP16: 53 | CQ16: 83 | CR16: =IF(J16="","",J16) -> ME | CS16: 9 | CT16: 91.5 | CV16: =IF(CT17="","",IF(CU16="",IF(CT16=CT17,"",(CT16-CT17)),IF(CU16=CT17,"",(CU16-CT17)))) -> 2 | CW16: =IF(CV16="","",(CV16*(0.785*92*92)/1000)) -> 13.28848 | CX16: =IF(CW16="","",(CW16)/C16) -> 0.069573194 | CY16: 16/16 | CZ16: 100/100 | DB16: =IF(J16="","",J16) -> ME | DC16: 9 | DD16: 94.5 | DF16: =IF(DD17="","",IF(DE16="",IF(DD16=DD17,"",(DD16-DD17)),IF(DE16=DD17,"",(DE16-DD17)))) -> 20.8 | DG16: =IF(DF16="","",(DF16*(0.785*92*92)*0.00812/1000)) -> 1.1221856 | DH16: =IF(DG16="","",(DG16*1000)/C16) -> 5.8753171 | DI16: 89 | DJ16: 54 | DK16: =IF(J16="","",J16) -> ME | DL16: 9 | DM16: 8.47 | DN16: 0.017 | DO16: 0.035 | DP16: 0.054 | DQ16: 6.78 | DR16: 6.4 | DS16: 1.289 | DT16: 86.5 | DU16: 4.17 | DV16: 1.883 | DW16: 0.812 | DX16: Y | DY16: =IF(J16="","",J16) -> ME | DZ16: 9 | EA16: =IF(C16="","",C16/1496) -> 0.1276738 | EB16: =IF(F16="","",IF(Q16="",F16/1360,(F16+Q16)/1360)) -> 0.13529412 | EC16: =IF(I16="","",IF(C16="","",I16/C16)) -> 0.85863874 | ED16: 0.94 | EE16: 1.32 | EF16: 0.03 | EG16: 0.04 | EH16: =IF(J16="","",J16) -> ME | EI16: 9 | EQ16: =IF(J16="","",J16) -> ME
A17: 10 | B17: 867323 | C17: =IF(B18="","",IF(B18=B17,"",(B18-B17))) -> 247 | D17: 9.51 | E17: 771613 | F17: =IF(E18="","",IF(E18=E17,"",(E18-E17))) -> 267 | G17: 2.79 | H17: 734184 | I17: =IF(H18="","",IF(H18=H17,"",(H18-H17))) -> 215 | J17: ME | K17: 10 | L17: 67904 | M17: =IF(L18="","",IF(L18=L17,"",(L18-L17))) | N17: 171545 | O17: =IF(N18="","",IF(N18=N17,"",(N18-N17))) -> 57 | P17: 194713 | Q17: =IF(P18="","",IF(P18=P17,"",(P18-P17))) | R17: 657 | S17: 666 | T17: 137 | U17: 134 | V17: =IF(J17="","",J17) -> ME | W17: 10 | X17: 11416.5 | Y17: =IF(X18="","",IF(X18=X17,"",X18-X17)) -> 4.65 | Z17: 12185.52 | AA17: =IF(Z18="","",IF(Z18=Z17,"",Z18-Z17)) -> 2.5 | AB17: 9643.5 | AC17: =IF(AB18="","",IF(AB18=AB17,"",AB18-AB17)) -> 1.98 | AD17: 9731.04 | AE17: =IF(AD18="","",IF(AD18=AD17,"",AD18-AD17)) -> 3.48 | AF17: =IF(J17="","",J17) -> ME | AG17: 10 | AH17: 45518.62 | AI17: =IF(AH18="","",IF(AH18=AH17,"",AH18-AH17)) -> 11.85 | AJ17: 47650.55 | AK17: =IF(AJ18="","",IF(AJ18=AJ17,"",AJ18-AJ17)) -> 15.64 | AL17: 585.34 | AM17: =IF(AL18="","",IF(AL18=AL17,"",AL18-AL17)) | AN17: 546.38 | AO17: =IF(AN18="","",IF(AN18=AN17,"",AN18-AN17)) | AP17: =IF(J17="","",J17) -> ME | AQ17: 10 | AR17: 6540.84 | AS17: =IF(AR18="","",IF(AR18=AR17,"",AR18-AR17)) -> 2.8 | AT17: 7252.73 | AU17: =IF(AT18="","",IF(AT18=AT17,"",AT18-AT17)) -> 2.32 | AV17: 249.01 | AW17: =IF(AV18="","",IF(AV18=AV17,"",AV18-AV17)) | AX17: 237.14 | AY17: =IF(AX18="","",IF(AX18=AX17,"",AX18-AX17)) | AZ17: =IF(J17="","",J17) -> ME | BA17: 10 | BB17: 0.606 | BC17: 5 | BD17: 7.2 | BE17: 2.7 | BF17: 16.8 | BG17: 7.2 | BH17: 0.242 | BI17: 0.244 | BJ17: 0.067 | BK17: 0.047 | BL17: 0.047 | BM17: 0.051 | BN17: =IF(J17="","",J17) -> ME | BO17: 10 | BP17: 0.069 | BQ17: 0 | BR17: 7.2 | BS17: 6.4 | BT17: 18.6 | BU17: 0.009 | BV17: 1.25 | BW17: 1.06 | BX17: 0630 | BY17: 60 Livengood | BZ17: =IF(J17="","",J17) -> ME | CA17: 10 | CB17: 93.9 | CD17: =IF(CB18="","",IF(CC17="",IF(CB17=CB18,"",(CB17-CB18)),IF(CC17=CB18,"",(CC17-CB18)))) -> 1.4 | CE17: =IF(CD17="","",(CD17*(0.785*77*77)/1000)) -> 6.515971 | CF17: =IF(CE17="","",(CE17*0.12*1000)/I17) -> 3.636821 | CG17: 50 | CH17: 100 | CI17: =IF(J17="","",J17) -> ME | CJ17: 10 | CK17: 93 | CM17: =IF(CK18="","",IF(CL17="",IF(CK17=CK18,"",(CK17-CK18)),IF(CL17=CK18,"",(CL17-CK18)))) -> 2.9 | CN17: =IF(CM17="","",(CM17*(0.785*77*77)/1000)) -> 13.497369 | CO17: =IF(CN17="","",(CN17*0.33*1.205*1000)/C17) -> 21.72967 | CP17: 53 | CQ17: 83 | CR17: =IF(J17="","",J17) -> ME | CS17: 10 | CT17: 89.5 | CV17: =IF(CT18="","",IF(CU17="",IF(CT17=CT18,"",(CT17-CT18)),IF(CU17=CT18,"",(CU17-CT18)))) -> 2.6 | CW17: =IF(CV17="","",(CV17*(0.785*92*92)/1000)) -> 17.275024 | CX17: =IF(CW17="","",(CW17)/C17) -> 0.069939368 | CY17: 16/16 | CZ17: 100/100 | DB17: =IF(J17="","",J17) -> ME | DC17: 10 | DD17: 73.7 | DE17: 101.8 | DF17: =IF(DD18="","",IF(DE17="",IF(DD17=DD18,"",(DD17-DD18)),IF(DE17=DD18,"",(DE17-DD18)))) -> 26.7 | DG17: =IF(DF17="","",(DF17*(0.785*92*92)*0.00812/1000)) -> 1.4404978 | DH17: =IF(DG17="","",(DG17*1000)/C17) -> 5.8319749 | DI17: 89 | DJ17: 54 | DK17: =IF(J17="","",J17) -> ME | DL17: 10 | DM17: 8.84 | DN17: 0.019 | DO17: 0.033 | DP17: 0.049 | DQ17: 6.79 | DR17: 6.4 | DS17: 1.312 | DT17: 86.1 | DU17: 4.2 | DV17: 1.584 | DW17: 0.442 | DX17: Y | DY17: =IF(J17="","",J17) -> ME | DZ17: 10 | EA17: =IF(C17="","",C17/1496) -> 0.16510695 | EB17: =IF(F17="","",IF(Q17="",F17/1360,(F17+Q17)/1360)) -> 0.19632353 | EC17: =IF(I17="","",IF(C17="","",I17/C17)) -> 0.87044534 | ED17: 1.26 | EE17: 1.33 | EF17: 0.03 | EG17: 0.03 | EH17: =IF(J17="","",J17) -> ME | EI17: 10 | EQ17: =IF(J17="","",J17) -> ME
A18: 11 | B18: 867570 | C18: =IF(B19="","",IF(B19=B18,"",(B19-B18))) -> 233 | D18: 8.83 | E18: 771880 | F18: =IF(E19="","",IF(E19=E18,"",(E19-E18))) -> 223 | G18: 2.62 | H18: 734399 | I18: =IF(H19="","",IF(H19=H18,"",(H19-H18))) -> 170 | J18: ME | K18: 11 | L18: 67904 | M18: =IF(L19="","",IF(L19=L18,"",(L19-L18))) -> 40 | N18: 171602 | O18: =IF(N19="","",IF(N19=N18,"",(N19-N18))) -> 49 | P18: 194713 | Q18: =IF(P19="","",IF(P19=P18,"",(P19-P18))) | R18: 657 | S18: 666 | T18: 137 | U18: 134 | V18: =IF(J18="","",J18) -> ME | W18: 11 | X18: 11421.15 | Y18: =IF(X19="","",IF(X19=X18,"",X19-X18)) -> 4.25 | Z18: 12188.02 | AA18: =IF(Z19="","",IF(Z19=Z18,"",Z19-Z18)) -> 2.75 | AB18: 9645.48 | AC18: =IF(AB19="","",IF(AB19=AB18,"",AB19-AB18)) -> 4.08 | AD18: 9734.52 | AE18: =IF(AD19="","",IF(AD19=AD18,"",AD19-AD18)) -> 0.45 | AF18: =IF(J18="","",J18) -> ME | AG18: 11 | AH18: 45530.47 | AI18: =IF(AH19="","",IF(AH19=AH18,"",AH19-AH18)) -> 12.15 | AJ18: 47666.19 | AK18: =IF(AJ19="","",IF(AJ19=AJ18,"",AJ19-AJ18)) -> 11.89 | AL18: 585.34 | AM18: =IF(AL19="","",IF(AL19=AL18,"",AL19-AL18)) | AN18: 546.38 | AO18: =IF(AN19="","",IF(AN19=AN18,"",AN19-AN18)) | AP18: =IF(J18="","",J18) -> ME | AQ18: 11 | AR18: 6543.64 | AS18: =IF(AR19="","",IF(AR19=AR18,"",AR19-AR18)) -> 2.21 | AT18: 7255.05 | AU18: =IF(AT19="","",IF(AT19=AT18,"",AT19-AT18)) -> 2.37 | AV18: 249.01 | AW18: =IF(AV19="","",IF(AV19=AV18,"",AV19-AV18)) -> 0.34 | AX18: 237.14 | AY18: =IF(AX19="","",IF(AX19=AX18,"",AX19-AX18)) | AZ18: =IF(J18="","",J18) -> ME | BA18: 11 | BB18: 0.619 | BC18: 9 | BD18: 7.2 | BE18: 2.7 | BF18: 15.4 | BG18: 7.2 | BH18: 0.225 | BI18: 0.231 | BJ18: 0.05 | BK18: 0.068 | BL18: 0.048 | BM18: 0.057 | BN18: =IF(J18="","",J18) -> ME | BO18: 11 | BP18: 0.068 | BQ18: 0 | BR18: 7.3 | BS18: 6.3 | BT18: 18.8 | BU18: 0.012 | BV18: 1.26 | BW18: 1.11 | BX18: 0620 | BY18: 60 Livengood | BZ18: =IF(J18="","",J18) -> ME | CA18: 11 | CB18: 92.5 | CD18: =IF(CB19="","",IF(CC18="",IF(CB18=CB19,"",(CB18-CB19)),IF(CC18=CB19,"",(CC18-CB19)))) -> 1.3 | CE18: =IF(CD18="","",(CD18*(0.785*77*77)/1000)) -> 6.0505445 | CF18: =IF(CE18="","",(CE18*0.12*1000)/I18) -> 4.2709726 | CG18: 50 | CH18: 100 | CI18: =IF(J18="","",J18) -> ME | CJ18: 11 | CK18: 90.1 | CM18: =IF(CK19="","",IF(CL18="",IF(CK18=CK19,"",(CK18-CK19)),IF(CL18=CK19,"",(CL18-CK19)))) -> 3 | CN18: =IF(CM18="","",(CM18*(0.785*77*77)/1000)) -> 13.962795 | CO18: =IF(CN18="","",(CN18*0.33*1.205*1000)/C18) -> 23.829637 | CP18: 50 | CQ18: 83 | CR18: =IF(J18="","",J18) -> ME | CS18: 11 | CT18: 86.9 | CU18: 112.8 | CV18: =IF(CT19="","",IF(CU18="",IF(CT18=CT19,"",(CT18-CT19)),IF(CU18=CT19,"",(CU18-CT19)))) -> 2.4 | CW18: =IF(CV18="","",(CV18*(0.785*92*92)/1000)) -> 15.946176 | CX18: =IF(CW18="","",(CW18)/C18) -> 0.068438524 | CY18: 15/15 | CZ18: 100/100 | DB18: =IF(J18="","",J18) -> ME | DC18: 11 | DD18: 75.1 | DE18: 103.8 | DF18: =IF(DD19="","",IF(DE18="",IF(DD18=DD19,"",(DD18-DD19)),IF(DE18=DD19,"",(DE18-DD19)))) -> 13.7 | DG18: =IF(DF18="","",(DF18*(0.785*92*92)*0.00812/1000)) -> 0.73913183 | DH18: =IF(DG18="","",(DG18*1000)/C18) -> 3.1722396 | DI18: 87 | DJ18: 54 | DK18: =IF(J18="","",J18) -> ME | DL18: 11 | DM18: 8.64 | DN18: 0.022 | DO18: 0.033 | DP18: 0.046 | DQ18: 6.78 | DR18: 6.3 | DS18: 1.305 | DT18: 86 | DU18: 4.18 | DV18: 0.83 | DW18: 0.501 | DX18: Y | DY18: =IF(J18="","",J18) -> ME | DZ18: 11 | EA18: =IF(C18="","",C18/1496) -> 0.15574866 | EB18: =IF(F18="","",IF(Q18="",F18/1360,(F18+Q18)/1360)) -> 0.16397059 | EC18: =IF(I18="","",IF(C18="","",I18/C18)) -> 0.72961373 | ED18: 1.2 | EE18: 1.32 | EF18: 0.04 | EG18: 0.06 | EH18: =IF(J18="","",J18) -> ME | EI18: 11 | EQ18: =IF(J18="","",J18) -> ME
A19: 12 | B19: 867803 | C19: =IF(B20="","",IF(B20=B19,"",(B20-B19))) -> 196 | D19: 9.39 | E19: 772103 | F19: =IF(E20="","",IF(E20=E19,"",(E20-E19))) -> 188 | G19: 3.41 | H19: 734569 | I19: =IF(H20="","",IF(H20=H19,"",(H20-H19))) -> 173 | J19: ME | K19: 12 | L19: 67944 | M19: =IF(L20="","",IF(L20=L19,"",(L20-L19))) | N19: 171651 | O19: =IF(N20="","",IF(N20=N19,"",(N20-N19))) -> 44 | P19: 194713 | Q19: =IF(P20="","",IF(P20=P19,"",(P20-P19))) | R19: 658 | S19: 666 | T19: 137 | U19: 134 | V19: =IF(J19="","",J19) -> ME | W19: 12 | X19: 11425.4 | Y19: =IF(X20="","",IF(X20=X19,"",X20-X19)) -> 2.37 | Z19: 12190.77 | AA19: =IF(Z20="","",IF(Z20=Z19,"",Z20-Z19)) -> 3.37 | AB19: 9649.56 | AC19: =IF(AB20="","",IF(AB20=AB19,"",AB20-AB19)) -> 1.89 | AD19: 9734.97 | AE19: =IF(AD20="","",IF(AD20=AD19,"",AD20-AD19)) -> 2.72 | AF19: =IF(J19="","",J19) -> ME | AG19: 12 | AH19: 45542.62 | AI19: =IF(AH20="","",IF(AH20=AH19,"",AH20-AH19)) -> 8.13 | AJ19: 47678.08 | AK19: =IF(AJ20="","",IF(AJ20=AJ19,"",AJ20-AJ19)) -> 12.11 | AL19: 585.34 | AM19: =IF(AL20="","",IF(AL20=AL19,"",AL20-AL19)) | AN19: 546.38 | AO19: =IF(AN20="","",IF(AN20=AN19,"",AN20-AN19)) | AP19: =IF(J19="","",J19) -> ME | AQ19: 12 | AR19: 6545.85 | AS19: =IF(AR20="","",IF(AR20=AR19,"",AR20-AR19)) -> 1.95 | AT19: 7257.42 | AU19: =IF(AT20="","",IF(AT20=AT19,"",AT20-AT19)) -> 2.05 | AV19: 249.35 | AW19: =IF(AV20="","",IF(AV20=AV19,"",AV20-AV19)) | AX19: 237.14 | AY19: =IF(AX20="","",IF(AX20=AX19,"",AX20-AX19)) | AZ19: =IF(J19="","",J19) -> ME | BA19: 12 | BB19: 0.618 | BC19: 31 | BD19: 7.3 | BE19: 2.7 | BF19: 15.9 | BG19: 7.3 | BH19: 0.22 | BI19: 0.226 | BJ19: 0.046 | BK19: 0.048 | BL19: 0.048 | BM19: 0.06 | BN19: =IF(J19="","",J19) -> ME | BO19: 12 | BP19: 0.069 | BQ19: 0 | BR19: 7.3 | BS19: 6.8 | BT19: 19.1 | BU19: 0.013 | BV19: 1.23 | BW19: 1.12 | BX19: 0620 | BY19: 60 Livengood | BZ19: =IF(J19="","",J19) -> ME | CA19: 12 | CB19: 91.2 | CD19: =IF(CB20="","",IF(CC19="",IF(CB19=CB20,"",(CB19-CB20)),IF(CC19=CB20,"",(CC19-CB20)))) -> 1.4 | CE19: =IF(CD19="","",(CD19*(0.785*77*77)/1000)) -> 6.515971 | CF19: =IF(CE19="","",(CE19*0.12*1000)/I19) -> 4.5197487 | CG19: 49 | CH19: 100 | CI19: =IF(J19="","",J19) -> ME | CJ19: 12 | CK19: 87.1 | CM19: =IF(CK20="","",IF(CL19="",IF(CK19=CK20,"",(CK19-CK20)),IF(CL19=CK20,"",(CL19-CK20)))) -> 2.3 | CN19: =IF(CM19="","",(CM19*(0.785*77*77)/1000)) -> 10.704809 | CO19: =IF(CN19="","",(CN19*0.33*1.205*1000)/C19) -> 21.718202 | CP19: 52 | CQ19: 83 | CR19: =IF(J19="","",J19) -> ME | CS19: 12 | CT19: 110.4 | CU19: 104.8 | CV19: =IF(CT20="","",IF(CU19="",IF(CT19=CT20,"",(CT19-CT20)),IF(CU19=CT20,"",(CU19-CT20)))) -> 2.1 | CW19: =IF(CV19="","",(CV19*(0.785*92*92)/1000)) -> 13.952904 | CX19: =IF(CW19="","",(CW19)/C19) -> 0.071188286 | CY19: 16/16 | CZ19: 100/100 | DA19: Y | DB19: =IF(J19="","",J19) -> ME | DC19: 12 | DD19: 90.1 | DE19: 102.1 | DF19: =IF(DD20="","",IF(DE19="",IF(DD19=DD20,"",(DD19-DD20)),IF(DE19=DD20,"",(DE19-DD20)))) -> 12 | DG19: =IF(DF19="","",(DF19*(0.785*92*92)*0.00812/1000)) -> 0.64741475 | DH19: =IF(DG19="","",(DG19*1000)/C19) -> 3.3031365 | DI19: 88 | DJ19: 54 | DK19: =IF(J19="","",J19) -> ME | DL19: 12 | DM19: 8.47 | DN19: 0.019 | DO19: 0.032 | DP19: 0.045 | DQ19: 6.77 | DR19: 6.8 | DS19: 1.282 | DT19: 85 | DU19: 4.13 | DV19: 1.549 | DW19: 0.577 | DX19: Y | DY19: =IF(J19="","",J19) -> ME | DZ19: 12 | EA19: =IF(C19="","",C19/1496) -> 0.13101604 | EB19: =IF(F19="","",IF(Q19="",F19/1360,(F19+Q19)/1360)) -> 0.13823529 | EC19: =IF(I19="","",IF(C19="","",I19/C19)) -> 0.88265306 | ED19: 1.23 | EE19: 1.3 | EF19: 0.04 | EG19: 0.05 | EH19: =IF(J19="","",J19) -> ME | EI19: 12 | EQ19: =IF(J19="","",J19) -> ME
A20: 13 | B20: 867999 | C20: =IF(B21="","",IF(B21=B20,"",(B21-B20))) -> 294 | D20: 8.8 | E20: 772291 | F20: =IF(E21="","",IF(E21=E20,"",(E21-E20))) -> 235 | G20: 2.69 | H20: 734742 | I20: =IF(H21="","",IF(H21=H20,"",(H21-H20))) -> 223 | J20: ME | K20: 13 | L20: 67944 | M20: =IF(L21="","",IF(L21=L20,"",(L21-L20))) -> 42 | N20: 171695 | O20: =IF(N21="","",IF(N21=N20,"",(N21-N20))) -> 49 | P20: 194713 | Q20: =IF(P21="","",IF(P21=P20,"",(P21-P20))) | R20: 658 | S20: 666 | T20: 137 | U20: 134 | V20: =IF(J20="","",J20) -> ME | W20: 13 | X20: 11427.77 | Y20: =IF(X21="","",IF(X21=X20,"",X21-X20)) -> 2.6 | Z20: 12194.14 | AA20: =IF(Z21="","",IF(Z21=Z20,"",Z21-Z20)) -> 6.19 | AB20: 9651.45 | AC20: =IF(AB21="","",IF(AB21=AB20,"",AB21-AB20)) -> 2.12 | AD20: 9737.69 | AE20: =IF(AD21="","",IF(AD21=AD20,"",AD21-AD20)) -> 3.81 | AF20: =IF(J20="","",J20) -> ME | AG20: 13 | AH20: 45550.75 | AI20: =IF(AH21="","",IF(AH21=AH20,"",AH21-AH20)) -> 15.88 | AJ20: 47690.19 | AK20: =IF(AJ21="","",IF(AJ21=AJ20,"",AJ21-AJ20)) -> 8.16 | AL20: 585.34 | AM20: =IF(AL21="","",IF(AL21=AL20,"",AL21-AL20)) | AN20: 546.38 | AO20: =IF(AN21="","",IF(AN21=AN20,"",AN21-AN20)) -> 0.03 | AP20: =IF(J20="","",J20) -> ME | AQ20: 13 | AR20: 6547.8 | AS20: =IF(AR21="","",IF(AR21=AR20,"",AR21-AR20)) -> 2.73 | AT20: 7259.47 | AU20: =IF(AT21="","",IF(AT21=AT20,"",AT21-AT20)) -> 2.51 | AV20: 249.35 | AW20: =IF(AV21="","",IF(AV21=AV20,"",AV21-AV20)) | AX20: 237.14 | AY20: =IF(AX21="","",IF(AX21=AX20,"",AX21-AX20)) -> 0.34 | AZ20: =IF(J20="","",J20) -> ME | BA20: 13 | BB20: 0.515 | BC20: 15 | BD20: 7.2 | BE20: 2.7 | BF20: 15.9 | BG20: 7.2 | BH20: 0.248 | BI20: 0.247 | BJ20: 0.044 | BK20: 0.046 | BL20: 0.047 | BM20: 0.052 | BN20: =IF(J20="","",J20) -> ME | BO20: 13 | BP20: 0.066 | BQ20: 0 | BR20: 7.3 | BS20: 6.8 | BT20: 19.6 | BU20: 0.01 | BV20: 1.21 | BW20: 1.17 | BX20: 0600 | BY20: 60 Livengood | BZ20: =IF(J20="","",J20) -> ME | CA20: 13 | CB20: 89.8 | CD20: =IF(CB21="","",IF(CC20="",IF(CB20=CB21,"",(CB20-CB21)),IF(CC20=CB21,"",(CC20-CB21)))) -> 1.6 | CE20: =IF(CD20="","",(CD20*(0.785*77*77)/1000)) -> 7.446824 | CF20: =IF(CE20="","",(CE20*0.12*1000)/I20) -> 4.0072596 | CG20: 50 | CH20: 100 | CI20: =IF(J20="","",J20) -> ME | CJ20: 13 | CK20: 84.8 | CL20: 97.3 | CM20: =IF(CK21="","",IF(CL20="",IF(CK20=CK21,"",(CK20-CK21)),IF(CL20=CK21,"",(CL20-CK21)))) -> 3.8 | CN20: =IF(CM20="","",(CM20*(0.785*77*77)/1000)) -> 17.686207 | CO20: =IF(CN20="","",(CN20*0.33*1.205*1000)/C20) -> 23.921497 | CP20: 52 | CQ20: 83 | CR20: =IF(J20="","",J20) -> ME | CS20: 13 | CT20: 102.7 | CV20: =IF(CT21="","",IF(CU20="",IF(CT20=CT21,"",(CT20-CT21)),IF(CU20=CT21,"",(CU20-CT21)))) -> 3.1 | CW20: =IF(CV20="","",(CV20*(0.785*92*92)/1000)) -> 20.597144 | CX20: =IF(CW20="","",(CW20)/C20) -> 0.070058313 | CY20: 16/16 | CZ20: 100/100 | DB20: =IF(J20="","",J20) -> ME | DC20: 13 | DD20: 90.1 | DE20: 102.6 | DF20: =IF(DD21="","",IF(DE20="",IF(DD20=DD21,"",(DD20-DD21)),IF(DE20=DD21,"",(DE20-DD21)))) -> 10.9 | DG20: =IF(DF20="","",(DF20*(0.785*92*92)*0.00812/1000)) -> 0.58806839 | DH20: =IF(DG20="","",(DG20*1000)/C20) -> 2.0002326 | DI20: 86 | DJ20: 54 | DK20: =IF(J20="","",J20) -> ME | DL20: 13 | DM20: 8.14 | DN20: 0.018 | DO20: 0.032 | DP20: 0.043 | DQ20: 6.77 | DR20: 6.8 | DS20: 1.248 | DT20: 84.2 | DU20: 4.2 | DV20: 0.989 | DW20: 0.443 | DX20: Y | DY20: =IF(J20="","",J20) -> ME | DZ20: 13 | EA20: =IF(C20="","",C20/1496) -> 0.19652406 | EB20: =IF(F20="","",IF(Q20="",F20/1360,(F20+Q20)/1360)) -> 0.17279412 | EC20: =IF(I20="","",IF(C20="","",I20/C20)) -> 0.7585034 | ED20: 0.78 | EE20: 1.27 | EF20: 0.03 | EG20: 0.03 | EH20: =IF(J20="","",J20) -> ME | EI20: 13 | EJ20: Erroneous low CL2 and high turbidity due to use of truck fill stn @ fire Hall (ME) | EQ20: =IF(J20="","",J20) -> ME
A21: 14 | B21: 868293 | C21: =IF(B22="","",IF(B22=B21,"",(B22-B21))) -> 224 | D21: 9.4 | E21: 772526 | F21: =IF(E22="","",IF(E22=E21,"",(E22-E21))) -> 238 | G21: 2.06 | H21: 734965 | I21: =IF(H22="","",IF(H22=H21,"",(H22-H21))) -> 190 | J21: ME | K21: 14 | L21: 67986 | M21: =IF(L22="","",IF(L22=L21,"",(L22-L21))) -> 8 | N21: 171744 | O21: =IF(N22="","",IF(N22=N21,"",(N22-N21))) -> 51 | P21: 194713 | Q21: =IF(P22="","",IF(P22=P21,"",(P22-P21))) | R21: 658 | S21: 667 | T21: 137 | U21: 134 | V21: =IF(J21="","",J21) -> ME | W21: 14 | X21: 11430.37 | Y21: =IF(X22="","",IF(X22=X21,"",X22-X21)) -> 4.01 | Z21: 12200.33 | AA21: =IF(Z22="","",IF(Z22=Z21,"",Z22-Z21)) -> 2.6 | AB21: 9653.57 | AC21: =IF(AB22="","",IF(AB22=AB21,"",AB22-AB21)) -> 2.98 | AD21: 9741.5 | AE21: =IF(AD22="","",IF(AD22=AD21,"",AD22-AD21)) -> 2.07 | AF21: =IF(J21="","",J21) -> ME | AG21: 14 | AH21: 45566.63 | AI21: =IF(AH22="","",IF(AH22=AH21,"",AH22-AH21)) -> 8.93 | AJ21: 47698.35 | AK21: =IF(AJ22="","",IF(AJ22=AJ21,"",AJ22-AJ21)) -> 15.85 | AL21: 585.34 | AM21: =IF(AL22="","",IF(AL22=AL21,"",AL22-AL21)) | AN21: 546.41 | AO21: =IF(AN22="","",IF(AN22=AN21,"",AN22-AN21)) | AP21: =IF(J21="","",J21) -> ME | AQ21: 14 | AR21: 6550.53 | AS21: =IF(AR22="","",IF(AR22=AR21,"",AR22-AR21)) -> 2.02 | AT21: 7261.98 | AU21: =IF(AT22="","",IF(AT22=AT21,"",AT22-AT21)) -> 2.08 | AV21: 249.35 | AW21: =IF(AV22="","",IF(AV22=AV21,"",AV22-AV21)) -> 0.09 | AX21: 237.48 | AY21: =IF(AX22="","",IF(AX22=AX21,"",AX22-AX21)) | AZ21: =IF(J21="","",J21) -> ME | BA21: 14 | BN21: =IF(J21="","",J21) -> ME | BO21: 14 | BP21: 0.073 | BV21: 1.2 | BW21: 1.07 | BX21: 0610 | BY21: 60 Livengood | BZ21: =IF(J21="","",J21) -> ME | CA21: 14 | CB21: 88.2 | CD21: =IF(CB22="","",IF(CC21="",IF(CB21=CB22,"",(CB21-CB22)),IF(CC21=CB22,"",(CC21-CB22)))) -> 1.4 | CE21: =IF(CD21="","",(CD21*(0.785*77*77)/1000)) -> 6.515971 | CF21: =IF(CE21="","",(CE21*0.12*1000)/I21) -> 4.1153501 | CG21: 50 | CH21: 100 | CI21: =IF(J21="","",J21) -> ME | CJ21: 14 | CK21: 93.5 | CM21: =IF(CK22="","",IF(CL21="",IF(CK21=CK22,"",(CK21-CK22)),IF(CL21=CK22,"",(CL21-CK22)))) -> 2.8 | CN21: =IF(CM21="","",(CM21*(0.785*77*77)/1000)) -> 13.031942 | CO21: =IF(CN21="","",(CN21*0.33*1.205*1000)/C21) -> 23.134606 | CP21: 52 | CQ21: 83 | CR21: =IF(J21="","",J21) -> ME | CS21: 14 | CT21: 99.6 | CV21: =IF(CT22="","",IF(CU21="",IF(CT21=CT22,"",(CT21-CT22)),IF(CU21=CT22,"",(CU21-CT22)))) -> 2.3 | CW21: =IF(CV21="","",(CV21*(0.785*92*92)/1000)) -> 15.281752 | CX21: =IF(CW21="","",(CW21)/C21) -> 0.068222107 | CY21: 16/16 | CZ21: 100/100 | DB21: =IF(J21="","",J21) -> ME | DC21: 14 | DD21: 91.7 | DE21: 101.5 | DF21: =IF(DD22="","",IF(DE21="",IF(DD21=DD22,"",(DD21-DD22)),IF(DE21=DD22,"",(DE21-DD22)))) -> 18.1 | DG21: =IF(DF21="","",(DF21*(0.785*92*92)*0.00812/1000)) -> 0.97651724 | DH21: =IF(DG21="","",(DG21*1000)/C21) -> 4.359452 | DI21: 88 | DJ21: 54 | DK21: =IF(J21="","",J21) -> ME | DL21: 14 | DM21: 8.34 | DN21: 0.017 | DO21: 0.035 | DP21: 0.048 | DQ21: 6.76 | DR21: 6.8 | DS21: 1.211 | DT21: 83.9 | DU21: 4.27 | DV21: 1.758 | DW21: 0.555 | DX21: Y | DY21: =IF(J21="","",J21) -> ME | DZ21: 14 | EA21: =IF(C21="","",C21/1496) -> 0.14973262 | EB21: =IF(F21="","",IF(Q21="",F21/1360,(F21+Q21)/1360)) -> 0.175 | EC21: =IF(I21="","",IF(C21="","",I21/C21)) -> 0.84821429 | ED21: 1.18 | EE21: 1.21 | EF21: 0.05 | EG21: 0.04 | EH21: =IF(J21="","",J21) -> ME | EI21: 14 | EQ21: =IF(J21="","",J21) -> ME
A22: 15 | B22: 868517 | C22: =IF(B23="","",IF(B23=B22,"",(B23-B22))) -> 256 | D22: 9.51 | E22: 772764 | F22: =IF(E23="","",IF(E23=E22,"",(E23-E22))) -> 232 | G22: 3.39 | H22: 735155 | I22: =IF(H23="","",IF(H23=H22,"",(H23-H22))) -> 224 | J22: ME | K22: 15 | L22: 67994 | M22: =IF(L23="","",IF(L23=L22,"",(L23-L22))) -> 12 | N22: 171795 | O22: =IF(N23="","",IF(N23=N22,"",(N23-N22))) -> 51 | P22: 194713 | Q22: =IF(P23="","",IF(P23=P22,"",(P23-P22))) | R22: 658 | S22: 667 | T22: 137 | U22: 135 | V22: =IF(J22="","",J22) -> ME | W22: 15 | X22: 11434.38 | Y22: =IF(X23="","",IF(X23=X22,"",X23-X22)) -> 2.51 | Z22: 12202.93 | AA22: =IF(Z23="","",IF(Z23=Z22,"",Z23-Z22)) -> 4.96 | AB22: 9656.55 | AC22: =IF(AB23="","",IF(AB23=AB22,"",AB23-AB22)) -> 2.02 | AD22: 9743.57 | AE22: =IF(AD23="","",IF(AD23=AD22,"",AD23-AD22)) -> 3.94 | AF22: =IF(J22="","",J22) -> ME | AG22: 15 | AH22: 45575.56 | AI22: =IF(AH23="","",IF(AH23=AH22,"",AH23-AH22)) -> 15.08 | AJ22: 47714.2 | AK22: =IF(AJ23="","",IF(AJ23=AJ22,"",AJ23-AJ22)) -> 9.07 | AL22: 585.34 | AM22: =IF(AL23="","",IF(AL23=AL22,"",AL23-AL22)) | AN22: 546.41 | AO22: =IF(AN23="","",IF(AN23=AN22,"",AN23-AN22)) | AP22: =IF(J22="","",J22) -> ME | AQ22: 15 | AR22: 6552.55 | AS22: =IF(AR23="","",IF(AR23=AR22,"",AR23-AR22)) -> 2.41 | AT22: 7264.06 | AU22: =IF(AT23="","",IF(AT23=AT22,"",AT23-AT22)) -> 2.45 | AV22: 249.44 | AW22: =IF(AV23="","",IF(AV23=AV22,"",AV23-AV22)) | AX22: 237.48 | AY22: =IF(AX23="","",IF(AX23=AX22,"",AX23-AX22)) | AZ22: =IF(J22="","",J22) -> ME | BA22: 15 | BN22: =IF(J22="","",J22) -> ME | BO22: 15 | BP22: 0.065 | BV22: 1.16 | BW22: 0.9 | BX22: 0710 | BY22: 60 Livengood | BZ22: =IF(J22="","",J22) -> ME | CA22: 15 | CB22: 86.8 | CD22: =IF(CB23="","",IF(CC22="",IF(CB22=CB23,"",(CB22-CB23)),IF(CC22=CB23,"",(CC22-CB23)))) -> 1.7 | CE22: =IF(CD22="","",(CD22*(0.785*77*77)/1000)) -> 7.9122505 | CF22: =IF(CE22="","",(CE22*0.12*1000)/I22) -> 4.2387056 | CG22: 54 | CH22: 100 | CI22: =IF(J22="","",J22) -> ME | CJ22: 15 | CK22: 90.7 | CM22: =IF(CK23="","",IF(CL22="",IF(CK22=CK23,"",(CK22-CK23)),IF(CL22=CK23,"",(CL22-CK23)))) -> 3.1 | CN22: =IF(CM22="","",(CM22*(0.785*77*77)/1000)) -> 14.428222 | CO22: =IF(CN22="","",(CN22*0.33*1.205*1000)/C22) -> 22.41165 | CP22: 52 | CQ22: 83 | CR22: =IF(J22="","",J22) -> ME | CS22: 15 | CT22: 97.3 | CV22: =IF(CT23="","",IF(CU22="",IF(CT22=CT23,"",(CT22-CT23)),IF(CU22=CT23,"",(CU22-CT23)))) -> 2.4 | CW22: =IF(CV22="","",(CV22*(0.785*92*92)/1000)) -> 15.946176 | CX22: =IF(CW22="","",(CW22)/C22) -> 0.06228975 | CY22: 16/16 | CZ22: 100/100 | DB22: =IF(J22="","",J22) -> ME | DC22: 15 | DD22: 83.4 | DE22: 101.7 | DF22: =IF(DD23="","",IF(DE22="",IF(DD22=DD23,"",(DD22-DD23)),IF(DE22=DD23,"",(DE22-DD23)))) -> 21.4 | DG22: =IF(DF22="","",(DF22*(0.785*92*92)*0.00812/1000)) -> 1.1545563 | DH22: =IF(DG22="","",(DG22*1000)/C22) -> 4.5099855 | DI22: 90 | DJ22: 54 | DK22: =IF(J22="","",J22) -> ME | DL22: 15 | DM22: 8.45 | DN22: 0.018 | DO22: 0.033 | DP22: 0.049 | DQ22: 6.76 | DR22: 7 | DS22: 1.195 | DT22: 84.2 | DU22: 4.25 | DV22: 1.532 | DW22: 0.452 | DX22: Y | DY22: =IF(J22="","",J22) -> ME | DZ22: 15 | EA22: =IF(C22="","",C22/1496) -> 0.17112299 | EB22: =IF(F22="","",IF(Q22="",F22/1360,(F22+Q22)/1360)) -> 0.17058824 | EC22: =IF(I22="","",IF(C22="","",I22/C22)) -> 0.875 | ED22: 1.16 | EE22: 1.2 | EF22: 0.05 | EG22: 0.05 | EH22: =IF(J22="","",J22) -> ME | EI22: 15 | EJ22: SAI Global audit responses | EQ22: =IF(J22="","",J22) -> ME
A23: 16 | B23: 868773 | C23: =IF(B24="","",IF(B24=B23,"",(B24-B23))) -> 160 | D23: 9.54 | E23: 772996 | F23: =IF(E24="","",IF(E24=E23,"",(E24-E23))) -> 248 | G23: 3.39 | H23: 735379 | I23: =IF(H24="","",IF(H24=H23,"",(H24-H23))) -> 140 | J23: ME | K23: 16 | L23: 68006 | M23: =IF(L24="","",IF(L24=L23,"",(L24-L23))) -> 2 | N23: 171846 | O23: =IF(N24="","",IF(N24=N23,"",(N24-N23))) -> 40 | P23: 194713 | Q23: =IF(P24="","",IF(P24=P23,"",(P24-P23))) | R23: 658 | S23: 667 | T23: 137 | U23: 135 | V23: =IF(J23="","",J23) -> ME | W23: 16 | X23: 11436.89 | Y23: =IF(X24="","",IF(X24=X23,"",X24-X23)) -> 2.34 | Z23: 12207.89 | AA23: =IF(Z24="","",IF(Z24=Z23,"",Z24-Z23)) -> 2.32 | AB23: 9658.57 | AC23: =IF(AB24="","",IF(AB24=AB23,"",AB24-AB23)) -> 1.86 | AD23: 9747.51 | AE23: =IF(AD24="","",IF(AD24=AD23,"",AD24-AD23)) -> 1.86 | AF23: =IF(J23="","",J23) -> ME | AG23: 16 | AH23: 45590.64 | AI23: =IF(AH24="","",IF(AH24=AH23,"",AH24-AH23)) -> 11.59 | AJ23: 47723.27 | AK23: =IF(AJ24="","",IF(AJ24=AJ23,"",AJ24-AJ23)) -> 14.94 | AL23: 585.34 | AM23: =IF(AL24="","",IF(AL24=AL23,"",AL24-AL23)) | AN23: 546.41 | AO23: =IF(AN24="","",IF(AN24=AN23,"",AN24-AN23)) | AP23: =IF(J23="","",J23) -> ME | AQ23: 16 | AR23: 6554.96 | AS23: =IF(AR24="","",IF(AR24=AR23,"",AR24-AR23)) -> 2.51 | AT23: 7266.51 | AU23: =IF(AT24="","",IF(AT24=AT23,"",AT24-AT23)) -> 2.07 | AV23: 249.44 | AW23: =IF(AV24="","",IF(AV24=AV23,"",AV24-AV23)) | AX23: 237.48 | AY23: =IF(AX24="","",IF(AX24=AX23,"",AX24-AX23)) | AZ23: =IF(J23="","",J23) -> ME | BA23: 16 | BB23: 0.54 | BC23: 15 | BD23: 7.2 | BE23: 2.7 | BF23: 14.7 | BG23: 7.2 | BH23: 0.305 | BI23: 0.307 | BJ23: 0.065 | BK23: 0.049 | BL23: 0.048 | BM23: 0.051 | BN23: =IF(J23="","",J23) -> ME | BO23: 16 | BP23: 0.063 | BQ23: 0 | BR23: 7.1 | BS23: 6.9 | BT23: 18.8 | BU23: 0.01 | BV23: 1.19 | BW23: 1.02 | BX23: 0650 | BY23: 60 Livengood | BZ23: =IF(J23="","",J23) -> ME | CA23: 16 | CB23: 85.1 | CC23: 98.5 | CD23: =IF(CB24="","",IF(CC23="",IF(CB23=CB24,"",(CB23-CB24)),IF(CC23=CB24,"",(CC23-CB24)))) -> 1.1 | CE23: =IF(CD23="","",(CD23*(0.785*77*77)/1000)) -> 5.1196915 | CF23: =IF(CE23="","",(CE23*0.12*1000)/I23) -> 4.388307 | CG23: 54 | CH23: 100 | CI23: =IF(J23="","",J23) -> ME | CJ23: 16 | CK23: 87.6 | CL23: 97.8 | CM23: =IF(CK24="","",IF(CL23="",IF(CK23=CK24,"",(CK23-CK24)),IF(CL23=CK24,"",(CL23-CK24)))) -> 1.7 | CN23: =IF(CM23="","",(CM23*(0.785*77*77)/1000)) -> 7.9122505 | CO23: =IF(CN23="","",(CN23*0.33*1.205*1000)/C23) -> 19.664415 | CP23: 53 | CQ23: 83 | CR23: =IF(J23="","",J23) -> ME | CS23: 16 | CT23: 94.9 | CV23: =IF(CT24="","",IF(CU23="",IF(CT23=CT24,"",(CT23-CT24)),IF(CU23=CT24,"",(CU23-CT24)))) -> 1.7 | CW23: =IF(CV23="","",(CV23*(0.785*92*92)/1000)) -> 11.295208 | CX23: =IF(CW23="","",(CW23)/C23) -> 0.07059505 | CY23: 16/16 | CZ23: 100/100 | DB23: =IF(J23="","",J23) -> ME | DC23: 16 | DD23: 80.3 | DE23: 103.3 | DF23: =IF(DD24="","",IF(DE23="",IF(DD23=DD24,"",(DD23-DD24)),IF(DE23=DD24,"",(DE23-DD24)))) -> 13.6 | DG23: =IF(DF23="","",(DF23*(0.785*92*92)*0.00812/1000)) -> 0.73373671 | DH23: =IF(DG23="","",(DG23*1000)/C23) -> 4.5858544 | DI23: 90 | DJ23: 54 | DK23: =IF(J23="","",J23) -> ME | DL23: 16 | DM23: 8.17 | DN23: 0.018 | DO23: 0.03 | DP23: 0.044 | DQ23: 6.75 | DR23: 6.9 | DS23: 1.191 | DT23: 86.2 | DU23: 4.39 | DV23: 0.887 | DW23: 0.455 | DX23: Y | DY23: =IF(J23="","",J23) -> ME | DZ23: 16 | EA23: =IF(C23="","",C23/1496) -> 0.10695187 | EB23: =IF(F23="","",IF(Q23="",F23/1360,(F23+Q23)/1360)) -> 0.18235294 | EC23: =IF(I23="","",IF(C23="","",I23/C23)) -> 0.875 | ED23: 1.17 | EE23: 1.2 | EF23: 0.04 | EG23: 0.06 | EH23: =IF(J23="","",J23) -> ME | EI23: 16 | EQ23: =IF(J23="","",J23) -> ME
A24: 17 | B24: 868933 | C24: =IF(B25="","",IF(B25=B24,"",(B25-B24))) -> 250 | D24: 9.51 | E24: 773244 | F24: =IF(E25="","",IF(E25=E24,"",(E25-E24))) -> 229 | G24: 3.62 | H24: 735519 | I24: =IF(H25="","",IF(H25=H24,"",(H25-H24))) -> 184 | J24: ME | K24: 17 | L24: 68008 | M24: =IF(L25="","",IF(L25=L24,"",(L25-L24))) -> 43 | N24: 171886 | O24: =IF(N25="","",IF(N25=N24,"",(N25-N24))) -> 46 | P24: 194713 | Q24: =IF(P25="","",IF(P25=P24,"",(P25-P24))) | R24: 658 | S24: 667 | T24: 137 | U24: 135 | V24: =IF(J24="","",J24) -> ME | W24: 17 | X24: 11439.23 | Y24: =IF(X25="","",IF(X25=X24,"",X25-X24)) -> 3.29 | Z24: 12210.21 | AA24: =IF(Z25="","",IF(Z25=Z24,"",Z25-Z24)) -> 4.24 | AB24: 9660.43 | AC24: =IF(AB25="","",IF(AB25=AB24,"",AB25-AB24)) -> 4.49 | AD24: 9749.37 | AE24: =IF(AD25="","",IF(AD25=AD24,"",AD25-AD24)) -> 0.43 | AF24: =IF(J24="","",J24) -> ME | AG24: 17 | AH24: 45602.23 | AI24: =IF(AH25="","",IF(AH25=AH24,"",AH25-AH24)) -> 12.41 | AJ24: 47738.21 | AK24: =IF(AJ25="","",IF(AJ25=AJ24,"",AJ25-AJ24)) -> 12.28 | AL24: 585.34 | AM24: =IF(AL25="","",IF(AL25=AL24,"",AL25-AL24)) | AN24: 546.41 | AO24: =IF(AN25="","",IF(AN25=AN24,"",AN25-AN24)) | AP24: =IF(J24="","",J24) -> ME | AQ24: 17 | AR24: 6557.47 | AS24: =IF(AR25="","",IF(AR25=AR24,"",AR25-AR24)) -> 2.3 | AT24: 7268.58 | AU24: =IF(AT25="","",IF(AT25=AT24,"",AT25-AT24)) -> 1.74 | AV24: 249.44 | AW24: =IF(AV25="","",IF(AV25=AV24,"",AV25-AV24)) | AX24: 237.48 | AY24: =IF(AX25="","",IF(AX25=AX24,"",AX25-AX24)) -> 0.34 | AZ24: =IF(J24="","",J24) -> ME | BA24: 17 | BB24: 0.561 | BC24: 42 | BD24: 6.9 | BE24: 2.7 | BF24: 16.2 | BG24: 6.9 | BH24: 0.303 | BI24: 0.291 | BJ24: 0.062 | BK24: 0.053 | BL24: 0.048 | BM24: 0.055 | BN24: =IF(J24="","",J24) -> ME | BO24: 17 | BP24: 0.063 | BQ24: 0 | BR24: 7.2 | BS24: 7 | BT24: 19.5 | BU24: 0.013 | BV24: 1.15 | BW24: 1.05 | BX24: 0620 | BY24: 60 Livengood | BZ24: =IF(J24="","",J24) -> ME | CA24: 17 | CB24: 97.4 | CD24: =IF(CB25="","",IF(CC24="",IF(CB24=CB25,"",(CB24-CB25)),IF(CC24=CB25,"",(CC24-CB25)))) -> 1.8 | CE24: =IF(CD24="","",(CD24*(0.785*77*77)/1000)) -> 8.377677 | CF24: =IF(CE24="","",(CE24*0.12*1000)/I24) -> 5.4637024 | CG24: 58 | CH24: 100 | CI24: =IF(J24="","",J24) -> ME | CJ24: 17 | CK24: 96.1 | CM24: =IF(CK25="","",IF(CL24="",IF(CK24=CK25,"",(CK24-CK25)),IF(CL24=CK25,"",(CL24-CK25)))) -> 3.2 | CN24: =IF(CM24="","",(CM24*(0.785*77*77)/1000)) -> 14.893648 | CO24: =IF(CN24="","",(CN24*0.33*1.205*1000)/C24) -> 23.689837 | CP24: 53 | CQ24: 83 | CR24: =IF(J24="","",J24) -> ME | CS24: 17 | CT24: 93.2 | CV24: =IF(CT25="","",IF(CU24="",IF(CT24=CT25,"",(CT24-CT25)),IF(CU24=CT25,"",(CU24-CT25)))) -> 2.6 | CW24: =IF(CV24="","",(CV24*(0.785*92*92)/1000)) -> 17.275024 | CX24: =IF(CW24="","",(CW24)/C24) -> 0.069100096 | CY24: 16/16 | CZ24: 100/100 | DB24: =IF(J24="","",J24) -> ME | DC24: 17 | DD24: 89.7 | DE24: 103.4 | DF24: =IF(DD25="","",IF(DE24="",IF(DD24=DD25,"",(DD24-DD25)),IF(DE24=DD25,"",(DE24-DD25)))) -> 21.2 | DG24: =IF(DF24="","",(DF24*(0.785*92*92)*0.00812/1000)) -> 1.1437661 | DH24: =IF(DG24="","",(DG24*1000)/C24) -> 4.5750642 | DI24: 89 | DJ24: 54 | DK24: =IF(J24="","",J24) -> ME | DL24: 17 | DM24: 8.7 | DN24: 0.02 | DO24: 0.033 | DP24: 0.045 | DQ24: 6.76 | DR24: 7 | DS24: 1.172 | DT24: 84.2 | DU24: 4.14 | DV24: 0.692 | DW24: 0.441 | DX24: N | DY24: =IF(J24="","",J24) -> ME | DZ24: 17 | EA24: =IF(C24="","",C24/1496) -> 0.1671123 | EB24: =IF(F24="","",IF(Q24="",F24/1360,(F24+Q24)/1360)) -> 0.16838235 | EC24: =IF(I24="","",IF(C24="","",I24/C24)) -> 0.736 | ED24: 1.13 | EE24: 1.19 | EF24: 0.04 | EG24: 0.08 | EH24: =IF(J24="","",J24) -> ME | EI24: 17 | EQ24: =IF(J24="","",J24) -> ME
A25: 18 | B25: 869183 | C25: =IF(B26="","",IF(B26=B25,"",(B26-B25))) -> 197 | D25: 9.57 | E25: 773473 | F25: =IF(E26="","",IF(E26=E25,"",(E26-E25))) -> 212 | G25: 3.29 | H25: 735703 | I25: =IF(H26="","",IF(H26=H25,"",(H26-H25))) -> 175 | J25: ME | K25: 18 | L25: 68051 | M25: =IF(L26="","",IF(L26=L25,"",(L26-L25))) | N25: 171932 | O25: =IF(N26="","",IF(N26=N25,"",(N26-N25))) -> 46 | P25: 194713 | Q25: =IF(P26="","",IF(P26=P25,"",(P26-P25))) | R25: 659 | S25: 667 | T25: 137 | U25: 135 | V25: =IF(J25="","",J25) -> ME | W25: 18 | X25: 11442.52 | Y25: =IF(X26="","",IF(X26=X25,"",X26-X25)) -> 3.33 | Z25: 12214.45 | AA25: =IF(Z26="","",IF(Z26=Z25,"",Z26-Z25)) -> 2.41 | AB25: 9664.92 | AC25: =IF(AB26="","",IF(AB26=AB25,"",AB26-AB25)) -> 1.94 | AD25: 9749.8 | AE25: =IF(AD26="","",IF(AD26=AD25,"",AD26-AD25)) -> 2.71 | AF25: =IF(J25="","",J25) -> ME | AG25: 18 | AH25: 45614.64 | AI25: =IF(AH26="","",IF(AH26=AH25,"",AH26-AH25)) -> 10.57 | AJ25: 47750.49 | AK25: =IF(AJ26="","",IF(AJ26=AJ25,"",AJ26-AJ25)) -> 11.72 | AL25: 585.34 | AM25: =IF(AL26="","",IF(AL26=AL25,"",AL26-AL25)) | AN25: 546.41 | AO25: =IF(AN26="","",IF(AN26=AN25,"",AN26-AN25)) | AP25: =IF(J25="","",J25) -> ME | AQ25: 18 | AR25: 6559.77 | AS25: =IF(AR26="","",IF(AR26=AR25,"",AR26-AR25)) -> 2.05 | AT25: 7270.32 | AU25: =IF(AT26="","",IF(AT26=AT25,"",AT26-AT25)) -> 2.18 | AV25: 249.44 | AW25: =IF(AV26="","",IF(AV26=AV25,"",AV26-AV25)) | AX25: 237.82 | AY25: =IF(AX26="","",IF(AX26=AX25,"",AX26-AX25)) | AZ25: =IF(J25="","",J25) -> ME | BA25: 18 | BB25: 0.573 | BC25: 23 | BD25: 7.1 | BE25: 2.7 | BF25: 16.8 | BG25: 7.1 | BH25: 0.258 | BI25: 0.261 | BJ25: 0.052 | BK25: 0.051 | BL25: 0.048 | BM25: 0.055 | BN25: =IF(J25="","",J25) -> ME | BO25: 18 | BP25: 0.062 | BQ25: 0 | BR25: 7.3 | BS25: 7.1 | BT25: 18.4 | BU25: 0.01 | BV25: 1.19 | BW25: 0.99 | BX25: 0650 | BY25: 60 Livengood | BZ25: =IF(J25="","",J25) -> ME | CA25: 18 | CB25: 95.6 | CD25: =IF(CB26="","",IF(CC25="",IF(CB25=CB26,"",(CB25-CB26)),IF(CC25=CB26,"",(CC25-CB26)))) -> 1.5 | CE25: =IF(CD25="","",(CD25*(0.785*77*77)/1000)) -> 6.9813975 | CF25: =IF(CE25="","",(CE25*0.12*1000)/I25) -> 4.787244 | CG25: 58 | CH25: 100 | CI25: =IF(J25="","",J25) -> ME | CJ25: 18 | CK25: 92.9 | CM25: =IF(CK26="","",IF(CL25="",IF(CK25=CK26,"",(CK25-CK26)),IF(CL25=CK26,"",(CL25-CK26)))) -> 2.6 | CN25: =IF(CM25="","",(CM25*(0.785*77*77)/1000)) -> 12.101089 | CO25: =IF(CN25="","",(CN25*0.33*1.205*1000)/C25) -> 24.426386 | CP25: 54 | CQ25: 83 | CR25: =IF(J25="","",J25) -> ME | CS25: 18 | CT25: 90.6 | CU25: 113.4 | CV25: =IF(CT26="","",IF(CU25="",IF(CT25=CT26,"",(CT25-CT26)),IF(CU25=CT26,"",(CU25-CT26)))) -> 1.4 | CW25: =IF(CV25="","",(CV25*(0.785*92*92)/1000)) -> 9.301936 | CX25: =IF(CW25="","",(CW25)/C25) -> 0.047217949 | CY25: 16/16 | CZ25: 100/100 | DB25: =IF(J25="","",J25) -> ME | DC25: 18 | DD25: 82.2 | DE25: 102.7 | DF25: =IF(DD26="","",IF(DE25="",IF(DD25=DD26,"",(DD25-DD26)),IF(DE25=DD26,"",(DE25-DD26)))) -> 17.4 | DG25: =IF(DF25="","",(DF25*(0.785*92*92)*0.00812/1000)) -> 0.93875138 | DH25: =IF(DG25="","",(DG25*1000)/C25) -> 4.7652354 | DI25: 89 | DJ25: 54 | DK25: =IF(J25="","",J25) -> ME | DL25: 18 | DM25: 8.41 | DN25: 0.021 | DO25: 0.032 | DP25: 0.044 | DQ25: 6.76 | DR25: 7.1 | DS25: 1.204 | DT25: 83.8 | DU25: 4.12 | DV25: 1.547 | DW25: 0.846 | DX25: Y | DY25: =IF(J25="","",J25) -> ME | DZ25: 18 | EA25: =IF(C25="","",C25/1496) -> 0.13168449 | EB25: =IF(F25="","",IF(Q25="",F25/1360,(F25+Q25)/1360)) -> 0.15588235 | EC25: =IF(I25="","",IF(C25="","",I25/C25)) -> 0.88832487 | ED25: 1.15 | EE25: 1.27 | EF25: 0.04 | EG25: 0.47 | EH25: =IF(J25="","",J25) -> ME | EI25: 18 | EJ25: Turbidity spike fliter # 2 durring filter to waste (ME) | EQ25: =IF(J25="","",J25) -> ME
A26: 19 | B26: 869380 | C26: =IF(B27="","",IF(B27=B26,"",(B27-B26))) -> 201 | D26: 9.35 | E26: 773685 | F26: =IF(E27="","",IF(E27=E26,"",(E27-E26))) -> 188 | G26: 3.53 | H26: 735878 | I26: =IF(H27="","",IF(H27=H26,"",(H27-H26))) -> 178 | J26: ME | K26: 19 | L26: 68051 | M26: =IF(L27="","",IF(L27=L26,"",(L27-L26))) | N26: 171978 | O26: =IF(N27="","",IF(N27=N26,"",(N27-N26))) -> 34 | P26: 194713 | Q26: =IF(P27="","",IF(P27=P26,"",(P27-P26))) | R26: 659 | S26: 667 | T26: 137 | U26: 135 | V26: =IF(J26="","",J26) -> ME | W26: 19 | X26: 11445.85 | Y26: =IF(X27="","",IF(X27=X26,"",X27-X26)) -> 3.44 | Z26: 12216.86 | AA26: =IF(Z27="","",IF(Z27=Z26,"",Z27-Z26)) -> 2.51 | AB26: 9666.86 | AC26: =IF(AB27="","",IF(AB27=AB26,"",AB27-AB26)) -> 1.97 | AD26: 9752.51 | AE26: =IF(AD27="","",IF(AD27=AD26,"",AD27-AD26)) -> 2.77 | AF26: =IF(J26="","",J26) -> ME | AG26: 19 | AH26: 45625.21 | AI26: =IF(AH27="","",IF(AH27=AH26,"",AH27-AH26)) -> 13.44 | AJ26: 47762.21 | AK26: =IF(AJ27="","",IF(AJ27=AJ26,"",AJ27-AJ26)) -> 7.76 | AL26: 585.34 | AM26: =IF(AL27="","",IF(AL27=AL26,"",AL27-AL26)) | AN26: 546.41 | AO26: =IF(AN27="","",IF(AN27=AN26,"",AN27-AN26)) | AP26: =IF(J26="","",J26) -> ME | AQ26: 19 | AR26: 6561.82 | AS26: =IF(AR27="","",IF(AR27=AR26,"",AR27-AR26)) -> 1.91 | AT26: 7272.5 | AU26: =IF(AT27="","",IF(AT27=AT26,"",AT27-AT26)) -> 1.96 | AV26: 249.44 | AW26: =IF(AV27="","",IF(AV27=AV26,"",AV27-AV26)) | AX26: 237.82 | AY26: =IF(AX27="","",IF(AX27=AX26,"",AX27-AX26)) | AZ26: =IF(J26="","",J26) -> ME | BA26: 19 | BB26: 0.554 | BC26: 12 | BD26: 7.1 | BE26: 2.7 | BF26: 14.4 | BG26: 7.1 | BH26: 0.233 | BI26: 0.254 | BJ26: 0.048 | BK26: 0.049 | BL26: 0.058 | BM26: 0.057 | BN26: =IF(J26="","",J26) -> ME | BO26: 19 | BP26: 0.067 | BQ26: 0 | BR26: 7.2 | BS26: 7.2 | BT26: 18.5 | BU26: 0.014 | BV26: 1.19 | BW26: 0.94 | BX26: 0600 | BY26: 60 Livengood | BZ26: =IF(J26="","",J26) -> ME | CA26: 19 | CB26: 94.1 | CD26: =IF(CB27="","",IF(CC26="",IF(CB26=CB27,"",(CB26-CB27)),IF(CC26=CB27,"",(CC26-CB27)))) -> 1.1 | CE26: =IF(CD26="","",(CD26*(0.785*77*77)/1000)) -> 5.1196915 | CF26: =IF(CE26="","",(CE26*0.12*1000)/I26) -> 3.4514774 | CG26: 53 | CH26: 100 | CI26: =IF(J26="","",J26) -> ME | CJ26: 19 | CK26: 90.3 | CM26: =IF(CK27="","",IF(CL26="",IF(CK26=CK27,"",(CK26-CK27)),IF(CL26=CK27,"",(CL26-CK27)))) -> 2.2 | CN26: =IF(CM26="","",(CM26*(0.785*77*77)/1000)) -> 10.239383 | CO26: =IF(CN26="","",(CN26*0.33*1.205*1000)/C26) -> 20.257167 | CP26: 53 | CQ26: 83 | CR26: =IF(J26="","",J26) -> ME | CS26: 19 | CT26: 112 | CU26: 107.6 | CV26: =IF(CT27="","",IF(CU26="",IF(CT26=CT27,"",(CT26-CT27)),IF(CU26=CT27,"",(CU26-CT27)))) -> 2 | CW26: =IF(CV26="","",(CV26*(0.785*92*92)/1000)) -> 13.28848 | CX26: =IF(CW26="","",(CW26)/C26) -> 0.066111841 | CY26: 16/16 | CZ26: 100/100 | DB26: =IF(J26="","",J26) -> ME | DC26: 19 | DD26: 85.3 | DE26: 103.4 | DF26: =IF(DD27="","",IF(DE26="",IF(DD26=DD27,"",(DD26-DD27)),IF(DE26=DD27,"",(DE26-DD27)))) -> 17.2 | DG26: =IF(DF26="","",(DF26*(0.785*92*92)*0.00812/1000)) -> 0.92796114 | DH26: =IF(DG26="","",(DG26*1000)/C26) -> 4.6167221 | DI26: 90 | DJ26: 54 | DK26: =IF(J26="","",J26) -> ME | DL26: 19 | DM26: 8.53 | DN26: 0.021 | DO26: 0.032 | DP26: 0.045 | DQ26: 6.74 | DR26: 7.2 | DS26: 1.273 | DT26: 86.5 | DU26: 4.13 | DV26: 0.942 | DW26: 0.532 | DX26: Y | DY26: =IF(J26="","",J26) -> ME | DZ26: 19 | EA26: =IF(C26="","",C26/1496) -> 0.13435829 | EB26: =IF(F26="","",IF(Q26="",F26/1360,(F26+Q26)/1360)) -> 0.13823529 | EC26: =IF(I26="","",IF(C26="","",I26/C26)) -> 0.88557214 | ED26: 1.17 | EE26: 1.32 | EF26: 0.05 | EG26: 0.28 | EH26: =IF(J26="","",J26) -> ME | EI26: 19 | EQ26: =IF(J26="","",J26) -> ME
